country,1960,1961,1962,1963,1964,1965,1966,1967,1968,1969,1970,1971,1972,1973,1974,1975,1976,1977,1978,1979,1980,1981,1982,1983,1984,1985,1986,1987,1988,1989,1990,1991,1992,1993,1994,1995,1996,1997,1998,1999,2000,2001,2002,2003,2004,2005,2006,2007,2008,2009,2010,2011,2012,2013,2014,2015,2016,2017,2018,2019
Aruba,2.24,1.43,0.824,0.58,0.574,0.6,0.591,0.572,0.61,0.57,0.628,0.682,0.645,0.482,0.208,-0.111,-0.364,-0.438,-0.217,0.208,0.769,1.28,1.41,0.981,0.315,-0.603,-1.3,-1.25,-0.0639,1.82,3.9,5.45,6.05,5.64,4.61,3.53,2.66,2.12,1.96,2.06,2.21,2.24,2.11,1.77,1.29,0.799,0.392,0.134,0.0887,0.21,0.378,0.503,0.583,0.591,0.541,0.503,0.472,0.459,0.437,0.428
Afghanistan,1.9,1.97,2.03,2.09,2.15,2.17,2.19,2.25,2.38,2.54,2.67,2.71,2.66,2.48,2.2,1.98,1.75,1.28,0.522,-0.408,-1.39,-2.22,-2.71,-2.7,-2.2,-1.71,-1.13,0.116,2.14,4.48,6.9,8.55,8.79,7.66,5.88,4.02,2.64,1.95,2.17,2.98,3.9,4.5,4.67,4.32,3.68,2.99,2.49,2.27,2.4,2.75,3.14,3.41,3.49,3.36,3.08,2.78,2.55,2.38,2.31,2.3
Angola,1.39,1.38,1.26,0.974,0.618,0.186,-0.119,-0.0427,0.548,1.48,2.53,3.38,3.9,3.99,3.81,3.57,3.43,3.35,3.37,3.45,3.52,3.55,3.57,3.56,3.55,3.53,3.51,3.48,3.43,3.38,3.32,3.28,3.25,3.23,3.22,3.21,3.22,3.23,3.25,3.28,3.3,3.33,3.38,3.45,3.54,3.62,3.68,3.71,3.7,3.67,3.63,3.6,3.55,3.5,3.44,3.38,3.32,3.28,3.24,3.22
Albania,3.12,3.06,2.95,2.88,2.75,2.63,2.63,2.84,2.9,2.55,2.42,2.49,2.36,2.3,2.3,2.21,2.21,2.08,1.99,2.05,2,2.11,2.12,2.1,2.06,1.93,2,1.89,2.69,1.8,-0.603,-0.606,-0.61,-0.614,-0.618,-0.622,-0.625,-0.629,-0.633,-0.637,-0.938,-0.3,-0.374,-0.418,-0.512,-0.631,-0.756,-0.767,-0.674,-0.496,-0.269,-0.165,-0.183,-0.207,-0.291,-0.16,-0.092,-0.247,-0.426,-0.578
Andorra,6.97,6.73,6.47,6.25,5.98,5.78,5.52,5.28,5.19,5.17,5.2,5.01,4.89,4.44,3.95,3.45,3.06,2.93,3.15,3.49,3.9,4.22,4.35,4.43,4.32,4.23,4.08,3.99,3.93,3.84,3.88,3.84,3.49,2.75,1.87,0.785,-0.0699,-0.277,0.355,1.58,2.94,3.94,4.37,4.11,3.38,2.66,2.06,1.41,0.714,-0.00829,-0.839,-1.59,-2.03,-1.95,-1.55,-0.899,-0.386,0.0143,0.179,0.154
United Arab Emirates,8.68,10.6,11,9.83,8.21,6.54,5.94,7.3,10.6,14.4,16.8,17.6,17.6,16.9,16,15.1,14.2,12.8,10.9,9,7.29,6.03,5.32,5.2,5.43,5.71,5.85,5.92,5.88,5.78,5.78,5.8,5.69,5.43,5.13,5.01,5.08,5.17,5.29,5.51,5.24,5.19,6.49,9.17,12,14.4,15.2,13.9,11,7.69,4.54,2.15,0.614,0.177,0.527,1.05,1.34,1.5,1.44,1.22
Argentina,1.62,1.6,1.58,1.55,1.52,1.5,1.48,1.48,1.5,1.53,1.57,1.61,1.62,1.61,1.57,1.53,1.5,1.49,1.5,1.54,1.57,1.6,1.61,1.61,1.6,1.58,1.57,1.54,1.5,1.45,1.4,1.35,1.31,1.27,1.23,1.19,1.16,1.13,1.11,1.1,1.09,1.08,1.07,1.06,1.04,1.02,0.999,0.993,1,0.752,1.15,1.14,1.12,1.1,1.08,1.06,1.04,1.02,0.993,0.97
Armenia,3.53,3.44,3.33,3.19,3.04,2.88,2.73,2.62,2.54,2.49,2.45,2.4,2.32,2.22,2.1,1.99,1.88,1.79,1.71,1.65,1.55,1.44,1.4,1.44,1.52,1.67,1.74,1.52,0.903,0.0478,-0.935,-1.8,-2.34,-2.39,-2.04,-1.54,-1.12,-0.782,-0.635,-0.631,-0.618,-0.549,-0.53,-0.572,-0.65,-0.773,-0.872,-0.856,-0.674,-0.374,-0.027,0.267,0.462,0.51,0.451,0.361,0.294,0.236,0.203,0.186
American Samoa,2.35,3.06,3.62,3.66,3.55,3.32,3.07,2.91,2.73,2.46,2.24,2.06,1.87,1.68,1.51,1.36,1.24,1.38,1.84,2.5,3.16,3.71,4.05,4.12,4.07,3.95,3.88,3.69,3.43,3.13,2.77,2.47,2.23,2.08,2.01,1.96,1.86,1.71,1.53,1.34,1.17,0.988,0.705,0.317,-0.213,-0.755,-1.26,-1.51,-1.43,-1.05,-0.588,-0.154,0.0862,0.133,0.0269,-0.12,-0.219,-0.281,-0.269,-0.208
Antigua and Barbuda,1.6,1.52,1.51,1.64,1.82,2.05,2.19,2.07,1.63,0.988,0.265,-0.342,-0.759,-0.854,-0.695,-0.509,-0.307,-0.2,-0.145,-0.141,-0.116,-0.0146,-0.00162,0.00809,0.00162,-0.0502,-0.0664,0.0729,0.402,0.845,1.32,1.71,2.02,2.14,2.17,2.17,2.16,2.09,1.97,1.77,1.57,1.4,1.29,1.3,1.38,1.53,1.58,1.61,1.57,1.47,1.38,1.29,1.21,1.14,1.08,1.01,0.953,0.894,0.861,0.834
Australia,1.99,2.44,1.92,1.96,1.96,2.28,1.26,1.76,2.09,1.97,3.38,1.84,1.53,2.53,1.23,1,1.13,1.16,1.08,1.22,1.59,1.67,1.25,1.13,1.37,1.64,1.52,1.64,1.69,1.48,1.27,1.21,0.978,1.06,1.21,1.31,1.12,1.04,1.14,1.19,1.35,1.22,1.23,1.16,1.32,1.48,0.625,2,2.06,1.56,1.39,1.75,1.72,1.49,1.44,1.56,1.68,1.54,1.52,1.26
Austria,0.548,0.613,0.642,0.667,0.65,0.701,0.747,0.519,0.345,0.349,0.446,0.581,0.554,0.17,-0.265,-0.177,0.0384,-0.081,-0.17,0.00011,0.255,0.0717,-0.162,-0.00629,0.0469,0.0635,0.0633,0.142,0.451,0.762,0.998,1.1,0.825,0.385,0.153,0.135,0.113,0.11,0.195,0.24,0.383,0.492,0.487,0.62,0.681,0.495,0.324,0.313,0.262,0.24,0.337,0.456,0.589,0.782,1.12,1.08,0.695,0.487,0.445,0.419
Azerbaijan,3.41,3.44,3.39,3.23,3,2.77,2.56,2.37,2.23,2.11,2,1.89,1.8,1.74,1.69,1.65,1.62,1.6,1.59,1.59,1.59,1.59,1.6,1.62,1.65,1.67,1.68,1.68,1.65,0.45,1.55,1.52,1.52,1.35,1.15,1.01,0.965,0.949,0.878,0.822,0.775,0.746,0.758,0.875,1.02,1.1,1.13,2.1,2.08,1.19,1.3,1.33,1.29,1.25,1.19,1.12,0.981,0.866,0.847,0.853
Burundi,1.93,1.91,1.94,2.07,2.22,2.43,2.58,2.54,2.28,1.89,1.45,1.12,0.989,1.14,1.48,1.87,2.19,2.43,2.55,2.58,2.59,2.62,2.65,2.71,2.77,2.82,2.83,2.78,2.64,2.45,2.29,2.14,1.96,1.73,1.48,1.21,1.02,1.03,1.31,1.77,2.27,2.7,3.01,3.17,3.22,3.25,3.29,3.3,3.29,3.26,3.21,3.16,3.13,3.14,3.16,3.18,3.18,3.17,3.13,3.08
Belgium,0.332,0.398,0.748,0.946,0.908,0.675,0.557,0.393,0.283,0.0986,0.182,0.392,0.315,0.315,0.289,0.179,0.123,0.0933,0.0899,0.11,-0.00264,-0.0272,-0.00794,-0.0015,0.0298,0.0357,0.0853,0.318,0.363,0.298,0.372,0.406,0.391,0.308,0.209,0.195,0.242,0.214,0.229,0.243,0.344,0.448,0.419,0.433,0.55,0.66,0.734,0.79,0.805,0.914,1.3,0.62,0.471,0.444,0.579,0.506,0.385,0.455,0.54,0.582
Benin,1.4,1.49,1.58,1.68,1.78,1.87,1.96,2.04,2.09,2.14,2.18,2.23,2.28,2.34,2.41,2.48,2.54,2.6,2.65,2.69,2.73,2.78,2.82,2.85,2.89,2.9,2.93,2.99,3.1,3.23,3.38,3.48,3.5,3.43,3.29,3.15,3.03,2.96,2.95,2.98,3.02,3.04,3.04,3.01,2.95,2.9,2.85,2.82,2.81,2.81,2.8,2.8,2.79,2.78,2.77,2.76,2.75,2.73,2.72,2.69
Burkina Faso,1.34,1.33,1.35,1.4,1.48,1.56,1.64,1.69,1.72,1.73,1.74,1.76,1.79,1.83,1.88,1.92,1.97,2.04,2.13,2.24,2.35,2.45,2.52,2.56,2.58,2.59,2.61,2.62,2.64,2.66,2.68,2.69,2.71,2.73,2.75,2.76,2.78,2.8,2.82,2.84,2.86,2.88,2.9,2.93,2.96,2.99,3.01,3.02,3.03,3.02,3.01,3,2.98,2.96,2.94,2.92,2.89,2.87,2.84,2.82
Bangladesh,2.77,2.78,2.82,2.91,3.01,3.15,3.23,3.14,2.85,2.45,2,1.66,1.51,1.62,1.91,2.24,2.5,2.67,2.72,2.69,2.64,2.61,2.6,2.61,2.62,2.63,2.63,2.6,2.52,2.43,2.33,2.23,2.17,2.14,2.13,2.13,2.11,2.08,2.02,1.95,1.89,1.82,1.73,1.62,1.48,1.35,1.23,1.15,1.12,1.12,1.14,1.15,1.16,1.14,1.12,1.1,1.08,1.05,1.03,1
Bulgaria,0.958,0.875,0.81,0.816,0.732,0.655,0.63,0.712,0.769,0.655,0.55,0.465,0.521,0.668,0.483,0.433,0.519,0.112,0.135,0.402,0.333,0.296,0.25,0.234,-0.00147,-0.0265,0.147,0.112,-1.17,-1.8,-0.99,-1.07,-0.798,-0.34,-0.445,-0.516,-0.609,-0.667,-0.561,-0.494,-1.99,-2.17,-0.792,-0.755,-0.753,-0.76,-0.735,-0.702,-0.644,-0.658,-0.641,-0.579,-0.56,-0.568,-0.638,-0.701,-0.73,-0.722,-0.704,-0.697
Bahrain,3.31,3.07,2.85,2.63,2.45,2.3,2.2,2.32,2.65,3.14,3.56,3.93,4.43,5.04,5.65,6.26,6.62,6.48,5.81,4.87,3.88,3.11,2.68,2.68,2.95,3.29,3.51,3.55,3.36,3.04,2.75,2.58,2.48,2.46,2.53,2.62,2.77,3.11,3.65,4.32,4.84,5.25,5.76,6.36,6.9,7.5,7.78,7.32,6.13,4.6,2.96,1.69,1.15,1.59,2.64,3.86,4.68,4.92,4.47,3.62
Bahamas,4.97,5.06,5.03,4.88,4.64,4.41,4.17,3.87,3.48,3.06,2.63,2.26,2.03,1.96,2.03,2.1,2.15,2.2,2.21,2.21,2.22,2.23,2.21,2.12,2.01,1.88,1.76,1.71,1.72,1.77,1.85,1.91,1.88,1.75,1.56,1.35,1.18,1.12,1.18,1.35,1.52,1.65,1.76,1.83,1.85,1.89,1.9,1.85,1.71,1.51,1.3,1.11,0.98,0.939,0.96,0.99,1.01,1.01,0.994,0.961
Bosnia and Herzegovina,1.93,1.95,1.9,1.78,1.61,1.43,1.28,1.17,1.14,1.15,1.18,1.2,1.19,1.15,1.08,1,0.938,0.911,0.934,0.987,1.01,1.01,0.997,0.985,0.951,0.992,0.978,0.666,-0.0364,-0.99,-2.13,-3.15,-3.72,-3.55,-2.77,-1.7,-0.756,-0.0464,0.241,0.209,0.116,0.103,0.0742,0.0536,0.0302,0.00239,-0.0699,-0.227,-0.489,-0.819,-1.2,-1.55,-1.75,-1.72,-1.53,-1.26,-1.03,-0.827,-0.692,-0.613
Belarus,0.889,0.971,1.02,1.03,1,1,1.02,1.01,0.962,0.885,0.833,0.802,0.741,0.649,0.529,0.469,0.551,0.653,0.618,0.614,0.692,0.677,0.683,0.678,0.654,0.679,0.675,0.286,0.295,0.187,0.0491,0.216,0.225,-0.117,-0.323,-0.334,-0.424,-0.476,-0.421,-0.471,-0.513,-0.637,-0.7,-0.682,-0.683,-0.612,-0.459,-0.345,-0.223,-0.17,-0.184,-0.0916,0.0159,0.0899,0.159,0.126,-0.0344,-0.156,-0.695,-0.202
Belize,2.82,2.8,2.81,2.86,2.92,3,3.03,2.94,2.72,2.41,2.11,1.87,1.67,1.54,1.48,1.4,1.36,1.44,1.66,1.99,2.35,2.62,2.82,2.86,2.81,2.78,2.77,2.65,2.45,2.2,1.89,1.65,1.68,2.03,2.59,3.19,3.64,3.84,3.72,3.43,3.09,2.83,2.65,2.6,2.6,2.62,2.61,2.57,2.52,2.45,2.38,2.32,2.25,2.19,2.12,2.05,1.98,1.92,1.88,1.85
Bermuda,2.45,2.39,2.33,2.48,2.42,1.78,1.94,1.9,1.87,1.83,-0.73,-0.735,-0.741,-0.746,-0.752,0.377,0.375,0.374,0.372,1.6,0.693,0.722,0.864,0.878,0.838,0.847,0.811,0.857,0.843,0.821,-0.515,-0.724,0.536,0.694,0.716,0.639,0.61,0.735,0.56,0.89,1.08,0.651,0.654,0.653,0.647,0.574,0.564,0.592,0.555,-0.783,-0.864,0.362,0.313,0.211,0.152,-1.05,-1.06,0.072,-0.00939,-0.0157
Bolivia,1.95,1.97,1.98,2.01,2.03,2.05,2.07,2.09,2.11,2.14,2.16,2.17,2.19,2.2,2.21,2.22,2.22,2.21,2.17,2.13,2.08,2.04,2.02,2.02,2.05,2.08,2.1,2.11,2.12,2.12,2.11,2.11,2.1,2.08,2.06,2.04,2.01,1.99,1.96,1.93,1.91,1.88,1.85,1.82,1.78,1.75,1.72,1.69,1.67,1.64,1.62,1.6,1.57,1.54,1.51,1.48,1.45,1.42,1.4,1.38
Brazil,2.91,2.92,2.91,2.87,2.81,2.75,2.69,2.64,2.58,2.52,2.46,2.41,2.38,2.36,2.37,2.37,2.37,2.37,2.37,2.36,2.36,2.34,2.31,2.24,2.16,2.07,1.99,1.92,1.86,1.81,1.76,1.71,1.66,1.63,1.61,1.59,1.56,1.53,1.48,1.42,1.37,1.31,1.26,1.2,1.15,1.09,1.04,0.994,0.962,0.938,0.916,0.894,0.874,0.856,0.839,0.824,0.807,0.784,0.752,0.713
Barbados,0.317,0.39,0.433,0.408,0.352,0.284,0.244,0.245,0.304,0.391,0.5,0.594,0.641,0.643,0.617,0.578,0.543,0.508,0.457,0.413,0.359,0.308,0.28,0.275,0.3,0.334,0.347,0.371,0.382,0.373,0.374,0.373,0.372,0.387,0.4,0.41,0.424,0.428,0.415,0.39,0.361,0.34,0.332,0.346,0.376,0.417,0.441,0.446,0.414,0.364,0.303,0.251,0.21,0.187,0.176,0.165,0.151,0.143,0.133,0.122
Brunei,4.61,4.48,4.43,4.47,4.57,4.66,4.71,4.73,4.72,4.69,4.63,4.57,4.48,4.32,4.15,3.97,3.82,3.64,3.47,3.29,3.12,2.97,2.87,2.84,2.83,2.84,2.84,2.84,2.84,2.85,2.86,2.84,2.81,2.72,2.61,2.5,2.38,2.27,2.19,2.11,2.04,1.96,1.86,1.72,1.57,1.4,1.26,1.18,1.17,1.23,1.29,1.34,1.35,1.32,1.25,1.17,1.11,1.05,1.01,0.962
Bhutan,2.46,2.46,2.52,2.64,2.81,2.98,3.12,3.2,3.23,3.22,3.19,3.16,3.16,3.16,3.18,3.2,3.2,3.15,3.05,2.92,2.72,2.56,2.51,2.61,2.79,3.06,3.21,3.03,2.45,1.64,0.72,-0.0209,-0.363,-0.129,0.511,1.27,1.87,2.27,2.37,2.25,2.11,2.03,1.9,1.73,1.54,1.33,1.13,1.01,0.995,1.05,1.13,1.19,1.23,1.23,1.22,1.2,1.2,1.18,1.15,1.11
Botswana,1.96,2.14,2.25,2.25,2.19,2.11,2.1,2.18,2.38,2.65,2.93,3.16,3.36,3.53,3.66,3.79,3.89,3.91,3.84,3.72,3.56,3.43,3.4,3.48,3.63,3.79,3.88,3.84,3.63,3.34,3.03,2.77,2.58,2.47,2.42,2.39,2.34,2.27,2.16,2.03,1.89,1.77,1.73,1.78,1.88,2.03,2.13,2.12,1.96,1.71,1.41,1.19,1.12,1.26,1.53,1.83,2.07,2.2,2.18,2.06
Central African Republic,1.61,1.68,1.75,1.83,1.91,2.01,2.09,2.08,1.97,1.8,1.61,1.47,1.44,1.55,1.75,1.95,2.13,2.31,2.51,2.7,2.92,3.08,3.08,2.87,2.54,2.16,1.87,1.77,1.9,2.2,2.52,2.77,2.89,2.88,2.76,2.62,2.51,2.42,2.35,2.29,2.22,2.13,2.06,2.01,1.96,1.95,1.92,1.78,1.49,1.13,0.724,0.401,0.26,0.364,0.648,0.986,1.28,1.52,1.67,1.77
Canada,2,1.86,1.86,1.89,1.81,1.86,1.8,1.61,1.36,1.4,2.95,1.16,1.22,1.4,1.46,1.32,1.17,0.995,0.99,1.29,1.23,1.19,0.988,0.944,0.914,0.994,1.32,1.3,1.79,1.51,1.24,1.18,1.1,1.1,1.03,1.05,0.994,0.83,0.813,0.931,1.09,1.09,0.901,0.933,0.944,1.01,0.971,1.08,1.14,1.11,0.979,1.09,1.06,1.01,0.746,1.13,1.2,1.41,1.42,1.09
Channel Islands,0.891,0.961,1.01,1.05,1.06,1.07,1.06,1.06,1.05,1.02,0.989,0.98,0.895,0.765,0.587,0.385,0.219,0.164,0.232,0.401,0.608,0.765,0.901,0.98,1.02,1.07,1.12,1.08,0.957,0.783,0.561,0.379,0.282,0.323,0.428,0.603,0.717,0.763,0.716,0.599,0.442,0.331,0.32,0.434,0.63,0.87,1.07,1.16,1.11,0.963,0.793,0.657,0.608,0.653,0.777,0.924,1.04,1.08,1.03,0.922
Switzerland,1.98,2.54,2.14,1.65,1.15,1.05,1.24,1.26,1.13,0.722,0.525,0.762,0.738,0.539,-0.0437,-0.572,-0.339,0.00898,0.201,0.397,0.547,0.584,0.429,0.359,0.441,0.52,0.628,0.735,0.809,1.03,1.25,1.1,0.911,0.797,0.668,0.442,0.241,0.297,0.477,0.562,0.633,0.756,0.742,0.687,0.641,0.628,0.894,1.27,1.25,1.04,1.11,1.06,1.15,1.22,1.14,1.09,0.933,0.737,0.713,0.716
Chile,2.08,2.06,2.03,1.96,1.88,1.8,1.72,1.67,1.64,1.63,1.62,1.61,1.59,1.58,1.56,1.54,1.53,1.51,1.48,1.45,1.41,1.39,1.39,1.42,1.47,1.53,1.57,1.61,1.63,1.64,1.65,1.65,1.63,1.58,1.5,1.43,1.35,1.29,1.23,1.18,1.13,1.08,1.05,1.04,1.04,1.06,1.07,1.07,1.06,1.04,0.998,0.963,0.979,1.06,1.18,1.33,1.43,1.39,1.18,0.863
China,-1.02,0.82,2.46,2.32,2.38,2.79,2.57,2.61,2.74,2.76,2.75,2.46,2.28,2.07,1.77,1.55,1.36,1.34,1.33,1.25,1.28,1.47,1.44,1.31,1.36,1.49,1.6,1.61,1.53,1.47,1.36,1.23,1.15,1.13,1.09,1.05,1.02,0.96,0.866,0.788,0.726,0.67,0.623,0.594,0.588,0.558,0.522,0.512,0.497,0.483,0.479,0.487,0.494,0.506,0.508,0.541,0.559,0.456,0.357,0.314
Cote d'Ivoire,3.59,3.76,3.85,3.82,3.75,3.64,3.59,3.65,3.84,4.09,4.35,4.54,4.65,4.68,4.65,4.6,4.55,4.5,4.47,4.42,4.38,4.33,4.24,4.13,3.99,3.85,3.72,3.64,3.61,3.61,3.6,3.58,3.52,3.43,3.32,3.22,3.13,2.99,2.8,2.6,2.39,2.22,2.11,2.09,2.11,2.16,2.2,2.24,2.29,2.33,2.39,2.44,2.48,2.5,2.52,2.54,2.55,2.55,2.55,2.54
Cameroon,2.07,2.13,2.19,2.24,2.29,2.33,2.38,2.43,2.48,2.53,2.57,2.62,2.67,2.72,2.77,2.82,2.87,2.92,2.97,3.01,3.05,3.08,3.11,3.14,3.16,3.17,3.18,3.16,3.11,3.05,2.99,2.94,2.88,2.81,2.75,2.69,2.64,2.61,2.61,2.62,2.64,2.66,2.67,2.69,2.71,2.73,2.74,2.75,2.75,2.75,2.74,2.73,2.72,2.7,2.68,2.66,2.64,2.61,2.58,2.55
Congo, Dem. Rep.,2.52,2.55,2.59,2.65,2.72,2.79,2.85,2.87,2.85,2.79,2.73,2.67,2.66,2.69,2.75,2.83,2.88,2.87,2.79,2.67,2.55,2.47,2.45,2.49,2.58,2.65,2.72,2.86,3.1,3.37,3.68,3.89,3.89,3.64,3.23,2.8,2.47,2.31,2.36,2.55,2.77,2.94,3.07,3.15,3.18,3.22,3.26,3.29,3.32,3.33,3.34,3.34,3.33,3.32,3.3,3.28,3.26,3.23,3.19,3.14
Congo, Rep.,2.41,2.47,2.53,2.58,2.63,2.68,2.72,2.77,2.81,2.86,2.9,2.93,2.95,2.95,2.95,2.93,2.92,2.91,2.91,2.91,2.92,2.92,2.91,2.87,2.83,2.79,2.75,2.73,2.73,2.73,2.74,2.75,2.77,2.79,2.82,2.85,2.88,2.9,2.9,2.89,2.85,2.83,2.87,2.99,3.15,3.32,3.44,3.43,3.28,3.05,2.79,2.59,2.47,2.44,2.48,2.54,2.57,2.58,2.56,2.53
Colombia,3.13,3.12,3.09,3.05,2.98,2.92,2.85,2.77,2.66,2.53,2.41,2.3,2.23,2.21,2.21,2.23,2.24,2.24,2.23,2.21,2.19,2.18,2.16,2.13,2.09,2.05,2.02,1.99,1.98,1.97,1.96,1.95,1.92,1.88,1.84,1.78,1.73,1.68,1.64,1.6,1.57,1.53,1.48,1.42,1.35,1.29,1.23,1.18,1.11,1.05,0.968,0.9,0.907,1.01,1.17,1.37,1.51,1.52,1.36,1.07
Comoros,1.57,1.56,1.59,1.68,1.78,1.93,2.07,2.14,2.13,2.08,1.98,1.93,2.06,2.39,2.83,3.32,3.67,3.81,3.71,3.43,3.13,2.89,2.76,2.75,2.82,2.89,2.93,2.96,2.96,2.95,2.94,2.92,2.89,2.85,2.8,2.75,2.69,2.64,2.58,2.52,2.47,2.41,2.38,2.37,2.38,2.39,2.4,2.4,2.41,2.41,2.42,2.42,2.41,2.38,2.35,2.31,2.27,2.24,2.21,2.17
Cape Verde,1.74,2.32,2.79,3.13,3.3,3.51,3.65,3.43,2.81,1.94,0.993,0.194,-0.285,-0.31,0.00444,0.408,0.731,1.04,1.28,1.46,1.69,1.91,2.01,1.95,1.79,1.57,1.42,1.42,1.66,2.02,2.42,2.72,2.85,2.79,2.59,2.37,2.18,2.02,1.91,1.82,1.74,1.65,1.56,1.48,1.4,1.32,1.25,1.21,1.2,1.22,1.25,1.27,1.28,1.27,1.24,1.21,1.19,1.16,1.13,1.09
Costa Rica,3.72,3.71,3.64,3.53,3.38,3.23,3.09,2.96,2.83,2.72,2.6,2.5,2.46,2.46,2.51,2.57,2.62,2.65,2.68,2.69,2.71,2.72,2.72,2.71,2.68,2.65,2.62,2.6,2.6,2.61,2.61,2.6,2.58,2.53,2.48,2.42,2.36,2.26,2.12,1.96,1.79,1.64,1.53,1.46,1.42,1.39,1.35,1.32,1.28,1.24,1.21,1.18,1.15,1.12,1.09,1.06,1.03,0.995,0.958,0.918
Cuba,2.08,2.2,2.25,2.2,2.09,1.96,1.84,1.76,1.74,1.75,1.77,1.76,1.69,1.54,1.34,1.13,0.958,0.804,0.685,0.597,0.501,0.418,0.411,0.503,0.658,0.848,1,1.07,1.02,0.882,0.72,0.587,0.492,0.455,0.458,0.468,0.46,0.445,0.416,0.376,0.343,0.313,0.263,0.188,0.0997,-0.00306,-0.0899,-0.126,-0.0914,-0.00782,0.0965,0.182,0.227,0.214,0.158,0.0912,0.0366,-0.00978,-0.0411,-0.0606
Cayman Islands,1.94,1.45,0.954,0.969,0.852,0.88,0.873,1.4,2.23,3.45,4.75,5.55,6.15,6.38,6.29,6.25,6.14,5.84,5.33,4.56,3.93,3.38,3.21,3.58,4.19,4.84,5.31,5.58,5.36,5.19,4.76,4.58,4.52,4.88,5.23,5.75,5.95,5.84,5.32,4.55,3.78,3.17,2.78,2.7,2.8,2.94,3.01,2.93,2.72,2.41,2.1,1.86,1.63,1.52,1.42,1.36,1.3,1.24,1.2,1.18
Cyprus,0.604,0.224,0.0384,0.123,0.404,0.744,1.02,1.21,1.27,1.23,1.17,1.14,1.12,1.13,1.15,1.19,1.21,1.16,0.999,0.791,0.547,0.369,0.341,0.523,0.853,1.22,1.54,1.79,1.96,2.05,2.13,2.21,2.24,2.22,2.16,2.09,2.01,1.95,1.89,1.84,1.78,1.72,1.68,1.68,1.69,1.72,1.73,1.67,1.52,1.31,1.09,0.903,0.774,0.734,0.751,0.789,0.808,0.809,0.78,0.73
Czech Republic,-0.16,0.396,0.477,0.589,0.529,0.425,0.324,0.238,0.205,-0.39,-0.318,0.414,0.552,0.665,0.7,0.667,0.599,0.542,0.489,0.115,-0.035,0.138,0.0875,0.0616,0.0668,0.0494,0.0492,0.0769,0.0559,-0.268,-0.24,0.102,0.104,0.0361,-0.0613,-0.116,-0.108,-0.0947,-0.102,-0.28,-0.376,-0.193,-0.0286,0.0304,0.138,0.271,0.584,0.829,0.57,0.291,0.207,0.14,0.0332,0.105,0.197,0.192,0.266,0.334,0.394,0.253
Germany,0.77,0.879,0.926,0.805,0.853,0.835,0.457,0.445,0.793,0.333,0.183,0.478,0.315,0.039,-0.373,-0.429,-0.226,-0.087,0.0442,0.207,0.152,-0.0951,-0.262,-0.346,-0.223,0.0458,0.154,0.391,0.773,0.862,0.729,0.76,0.657,0.347,0.294,0.289,0.146,0.0151,0.0646,0.135,0.168,0.168,0.0554,-0.0217,-0.0568,-0.113,-0.134,-0.19,-0.253,-0.153,-1.85,0.188,0.273,0.417,0.866,0.807,0.374,0.301,0.226,0.177
Djibouti,5.66,6.24,6.59,6.69,6.65,6.65,6.71,6.67,6.5,6.32,5.9,5.66,6.13,7.39,8.85,10.3,11,10.4,8.72,6.59,4.35,2.72,2.19,3.06,4.71,6.54,7.62,7.59,6.38,4.6,2.75,1.34,0.56,0.622,1.28,2.08,2.64,2.92,2.83,2.48,2.13,1.88,1.68,1.56,1.5,1.43,1.36,1.34,1.39,1.48,1.59,1.68,1.73,1.73,1.69,1.64,1.6,1.56,1.51,1.47
Dominica,1.68,1.53,1.5,1.58,1.74,1.91,2.07,1.97,1.69,1.23,0.68,0.226,0.0112,0.104,0.381,0.793,1.07,1.13,0.911,0.476,-0.00531,-0.402,-0.706,-0.86,-0.869,-0.928,-0.954,-0.881,-0.69,-0.425,-0.0639,0.24,0.385,0.319,0.0858,-0.242,-0.482,-0.581,-0.507,-0.255,0.0301,0.242,0.374,0.406,0.274,0.195,0.112,0.0452,0.0268,0.0409,0.0494,0.0592,0.0916,0.101,0.118,0.185,0.214,0.232,0.254,0.255
Denmark,0.698,0.778,0.788,0.799,0.779,0.803,0.788,0.609,0.553,0.751,0.695,0.572,0.604,0.466,0.288,0.251,0.311,0.311,0.246,0.122,-0.0284,-0.0735,-0.0687,-0.0524,0.0405,0.134,0.127,0.0486,0.06,0.162,0.26,0.331,0.333,0.338,0.521,0.566,0.416,0.363,0.331,0.334,0.358,0.319,0.272,0.258,0.275,0.329,0.443,0.588,0.535,0.444,0.412,0.376,0.417,0.507,0.706,0.78,0.643,0.496,0.358,0.292
Dominican Republic,3.35,3.31,3.27,3.22,3.16,3.1,3.04,2.97,2.91,2.85,2.79,2.73,2.68,2.62,2.57,2.52,2.47,2.41,2.36,2.3,2.25,2.2,2.15,2.11,2.07,2.03,2,1.96,1.94,1.92,1.9,1.88,1.85,1.8,1.75,1.69,1.64,1.6,1.56,1.52,1.49,1.46,1.43,1.39,1.36,1.33,1.3,1.27,1.25,1.23,1.21,1.19,1.17,1.16,1.14,1.12,1.1,1.08,1.05,1.01
Algeria,2.49,2.47,2.49,2.56,2.66,2.76,2.85,2.88,2.87,2.83,2.78,2.74,2.73,2.76,2.8,2.84,2.87,2.91,2.97,3.03,3.09,3.12,3.12,3.09,3.02,2.95,2.87,2.78,2.68,2.57,2.46,2.35,2.22,2.07,1.91,1.75,1.62,1.5,1.42,1.36,1.31,1.28,1.28,1.32,1.39,1.47,1.55,1.64,1.72,1.8,1.88,1.95,2,2.03,2.05,2.05,2.04,2.01,1.93,1.84
Ecuador,2.83,2.85,2.87,2.88,2.9,2.92,2.93,2.93,2.92,2.91,2.89,2.87,2.84,2.81,2.77,2.73,2.69,2.65,2.63,2.6,2.58,2.55,2.53,2.51,2.49,2.47,2.44,2.42,2.39,2.36,2.33,2.3,2.26,2.22,2.18,2.14,2.1,2.05,1.98,1.9,1.82,1.76,1.71,1.68,1.67,1.68,1.67,1.66,1.63,1.59,1.54,1.5,1.5,1.54,1.62,1.71,1.77,1.77,1.68,1.54
Egypt,2.72,2.69,2.66,2.64,2.62,2.61,2.59,2.54,2.47,2.38,2.29,2.21,2.18,2.18,2.21,2.24,2.27,2.32,2.37,2.43,2.49,2.53,2.58,2.62,2.65,2.69,2.71,2.67,2.57,2.43,2.27,2.14,2.05,2.01,2.01,2.01,2.01,2,1.97,1.93,1.9,1.88,1.86,1.83,1.81,1.77,1.75,1.78,1.86,1.98,2.11,2.21,2.27,2.26,2.21,2.15,2.09,2.03,1.98,1.92
Eritrea,2.52,2.6,2.64,2.65,2.65,2.64,2.63,2.64,2.66,2.69,2.73,2.75,2.77,2.79,2.79,2.79,2.78,2.8,2.84,2.9,2.91,2.89,2.88,2.91,2.92,2.99,2.99,2.7,2.06,1.23,0.341,-0.387,-0.843,-0.906,-0.643,-0.353,-0.0581,0.511,1.39,2.43,3.53,4.38,4.72,4.47,3.85,3.19,2.65,2.19,1.85,1.61,1.36,,,,,,,,,
Spain,0.929,0.92,0.877,0.994,1.09,1.02,1.23,1.31,0.985,1.11,1.21,1.1,1.1,1.09,1.08,1.06,1.03,0.963,0.882,0.803,0.711,0.6,0.487,0.415,0.362,0.299,0.259,0.212,0.157,0.102,0.255,0.49,0.519,0.476,0.441,0.417,0.419,0.414,0.405,0.447,0.694,1.41,1.81,1.73,1.69,1.69,1.85,1.6,0.886,0.46,0.355,0.0649,-0.328,-0.299,-0.0776,0.0844,0.235,0.438,0.715,0.462
Estonia,1.11,1.34,1.38,1.44,1.36,1.08,0.788,0.926,1.05,1.1,1.23,1.12,0.96,0.865,0.785,0.713,0.736,0.686,0.556,0.603,0.705,0.72,0.687,0.652,0.667,0.744,0.778,0.622,0.398,0.0665,-0.502,-1.82,-2.57,-2.14,-1.79,-1.48,-1.14,-0.961,0.294,0.484,-0.637,-0.633,-0.628,-0.598,-0.572,-0.59,-0.456,-0.268,-0.193,-0.228,-0.304,-0.358,-0.356,-0.262,0.0655,0.0291,0.121,0.348,0.372,0.313
Ethiopia,2.32,2.4,2.45,2.48,2.5,2.48,2.46,2.5,2.59,2.72,2.89,3,2.93,2.62,2.19,1.71,1.35,1.23,1.44,1.88,2.37,2.77,3.05,3.18,3.19,3.18,3.2,3.24,3.33,3.43,3.53,3.59,3.58,3.48,3.33,3.17,3.03,2.94,2.89,2.88,2.88,2.87,2.85,2.83,2.8,2.77,2.75,2.74,2.76,2.78,2.81,2.83,2.83,2.8,2.76,2.71,2.66,2.62,2.58,2.54
Finland,0.706,0.68,0.707,0.556,0.333,0.375,0.542,0.449,-0.058,-0.379,0.126,0.595,0.568,0.524,0.444,0.301,0.28,0.287,0.256,0.311,0.427,0.56,0.596,0.534,0.417,0.325,0.284,0.291,0.361,0.443,0.546,0.562,0.484,0.431,0.382,0.328,0.297,0.265,0.232,0.208,0.228,0.242,0.238,0.29,0.342,0.384,0.425,0.466,0.478,0.457,0.464,0.476,0.461,0.414,0.329,0.287,0.235,0.133,0.11,0.165
Fiji,3.44,3.48,3.41,3.21,2.94,2.65,2.4,2.22,2.13,2.11,2.1,2.09,2.06,2.01,1.96,1.88,1.81,1.84,1.98,2.18,2.44,2.61,2.54,2.16,1.6,0.961,0.435,0.159,0.232,0.547,0.932,1.23,1.4,1.4,1.27,1.15,1.06,0.931,0.766,0.582,0.358,0.164,0.101,0.219,0.456,0.759,1,1.09,0.975,0.721,0.422,0.187,0.0621,0.0976,0.252,0.434,0.578,0.685,0.729,0.726
France,1.32,1.4,1.4,1.32,1.19,1.02,0.881,0.784,0.752,0.765,0.793,0.802,0.782,0.72,0.631,0.534,0.456,0.411,0.411,0.444,0.486,0.519,0.546,0.559,0.561,0.566,0.571,0.565,0.542,0.509,0.554,0.497,0.433,0.372,0.361,0.354,0.354,0.369,0.514,0.685,0.728,0.727,0.709,0.736,0.754,0.697,0.619,0.559,0.514,0.494,0.484,0.484,0.515,0.474,0.356,0.264,0.29,0.274,0.219,0.212
Faeroe Islands,1.29,1.27,1.24,1.23,1.18,1.19,1.13,1.12,1.12,1.16,1.14,1.16,1.2,1.11,1.08,1.04,0.975,0.959,0.941,0.923,0.887,0.856,0.862,0.922,0.96,1.06,1.15,1.06,0.694,0.248,-0.324,-0.803,-1.01,-0.931,-0.488,-0.00219,0.361,0.664,0.722,0.665,0.557,0.501,0.431,0.339,0.275,0.13,0.0669,-0.00627,-0.0167,-0.023,0.0251,0.0585,0.121,0.134,0.187,0.245,0.317,0.353,0.37,0.385
Micronesia, Fed. Sts.,3.16,3.07,3.08,3.26,3.4,3.7,3.83,3.62,2.97,2.09,1.09,0.299,-0.0112,0.301,1.06,1.94,2.64,3.15,3.34,3.38,3.35,3.38,3.3,3.13,2.9,2.61,2.34,2.2,2.23,2.36,2.54,2.6,2.45,2.03,1.41,0.719,0.149,-0.246,-0.405,-0.338,-0.219,-0.134,-0.117,-0.26,-0.46,-0.72,-0.888,-0.859,-0.56,-0.0534,0.516,1.02,1.35,1.43,1.33,1.21,1.12,1.05,1.03,1.06
Gabon,0.968,1.08,1.22,1.4,1.6,1.81,1.99,2.09,2.08,2,1.9,1.83,1.82,1.88,2,2.12,2.22,2.31,2.39,2.45,2.5,2.55,2.6,2.65,2.69,2.74,2.76,2.78,2.77,2.75,2.73,2.71,2.68,2.63,2.59,2.55,2.52,2.49,2.45,2.41,2.39,2.38,2.43,2.53,2.68,2.81,2.92,3.07,3.26,3.46,3.66,3.79,3.78,3.61,3.34,3.04,2.8,2.6,2.48,2.42
Isle of Man,-0.327,0.279,0.78,1.21,1.5,1.79,2.07,2.15,2.09,1.92,1.65,1.43,1.31,1.29,1.37,1.49,1.58,1.5,1.22,0.822,0.364,-0.0204,-0.107,0.18,0.726,1.43,1.94,2.16,1.95,1.47,0.901,0.47,0.237,0.323,0.655,1.04,1.32,1.46,1.4,1.24,0.989,0.783,0.712,0.804,0.974,1.23,1.37,1.34,1.03,0.564,0.0389,-0.419,-0.652,-0.594,-0.307,0.0769,0.376,0.552,0.612,0.522
United Kingdom,0.76,0.849,0.748,0.65,0.642,0.551,0.539,0.487,0.416,0.399,0.418,0.339,0.193,0.0631,-0.00742,-0.0246,-0.0329,0.00536,0.0897,0.12,0.0348,-0.0358,0.0341,0.158,0.227,0.232,0.213,0.222,0.26,0.299,0.309,0.27,0.24,0.255,0.265,0.255,0.258,0.291,0.333,0.357,0.385,0.423,0.466,0.569,0.687,0.735,0.779,0.787,0.756,0.784,0.782,0.695,0.67,0.736,0.792,0.758,0.679,0.606,0.564,0.565
Georgia,1.58,1.52,1.47,1.41,1.32,1.14,0.981,0.907,0.936,0.966,1.04,1.01,0.881,0.868,0.738,0.721,0.682,0.584,0.736,0.843,0.82,0.847,0.879,0.854,0.877,0.888,0.826,0.99,0.263,-0.0271,0.703,0.775,0.769,-1.54,-3.76,-3.63,-3.21,-2.47,-2.06,-1.94,-1.55,-0.897,-0.675,-0.619,-0.635,-0.568,-0.522,-0.304,-0.888,-0.729,-0.802,-0.737,-0.301,0.0469,0.157,0.0598,0.0134,-0.039,-0.172,-0.166
Ghana,3.16,3.21,3.18,3.03,2.82,2.58,2.38,2.3,2.35,2.5,2.69,2.82,2.82,2.66,2.4,2.11,1.91,1.86,2.01,2.29,2.61,2.85,3.01,3.05,3,2.94,2.9,2.87,2.87,2.88,2.9,2.89,2.86,2.79,2.69,2.6,2.52,2.47,2.45,2.45,2.45,2.45,2.46,2.48,2.52,2.55,2.58,2.58,2.54,2.49,2.42,2.37,2.32,2.29,2.27,2.25,2.22,2.19,2.16,2.13
Gibraltar,1.64,2.07,2.37,2.34,2.33,2.09,2.01,1.9,1.69,1.54,1.41,1.19,1.03,0.769,0.587,0.388,0.162,-0.0132,-0.172,-0.345,-0.554,-0.685,-0.733,-0.67,-0.455,-0.189,0.0619,0.172,0.0788,-0.13,-0.44,-0.612,-0.57,-0.262,0.29,0.978,1.49,1.82,1.92,1.8,1.67,1.55,1.42,1.14,0.883,0.594,0.311,0.137,-0.0238,0.0685,0.0685,0.134,0.122,0.0949,0.0474,-0.0119,-0.0445,-0.0237,-0.0267,-0.0445
Guinea,1.64,1.66,1.68,1.71,1.75,1.79,1.81,1.81,1.77,1.7,1.63,1.59,1.55,1.52,1.51,1.5,1.52,1.58,1.69,1.84,1.99,2.14,2.3,2.49,2.67,2.86,3.01,3.07,3.05,2.95,2.83,2.73,2.66,2.63,2.63,2.64,2.62,2.56,2.44,2.28,2.12,1.99,1.93,1.95,2.04,2.15,2.24,2.29,2.29,2.26,2.22,2.2,2.24,2.34,2.49,2.64,2.76,2.83,2.83,2.79
Gambia,2,1.98,2.02,2.14,2.31,2.49,2.65,2.77,2.84,2.88,2.91,2.95,3,3.07,3.15,3.25,3.34,3.37,3.33,3.27,3.14,3.07,3.21,3.58,4.06,4.57,4.92,4.98,4.72,4.27,3.81,3.45,3.2,3.1,3.09,3.1,3.08,3.08,3.1,3.13,3.16,3.2,3.2,3.16,3.11,3.04,3,2.97,2.97,3,3.02,3.03,3.03,3.03,3.01,2.99,2.97,2.95,2.92,2.9
Guinea-Bissau,1.07,0.978,0.97,1.07,1.23,1.41,1.54,1.66,1.74,1.79,1.89,1.95,1.85,1.53,1.09,0.577,0.171,0.0525,0.335,0.893,1.54,2.07,2.42,2.51,2.42,2.31,2.24,2.2,2.2,2.23,2.26,2.26,2.24,2.17,2.09,2,1.93,1.91,1.95,2.03,2.12,2.2,2.27,2.33,2.37,2.4,2.44,2.48,2.52,2.57,2.62,2.65,2.66,2.64,2.61,2.57,2.53,2.49,2.46,2.42
Equatorial Guinea,1.34,1.32,1.43,1.72,2.08,2.58,2.88,2.58,1.52,-0.00461,-1.7,-3.18,-4.18,-4.38,-3.82,-3.11,-2.37,-1.03,0.953,3.23,5.62,7.39,7.96,7.3,6.02,4.69,3.71,3.08,2.91,3.04,3.21,3.28,3.38,3.5,3.62,3.77,3.92,4.03,4.08,4.11,4.12,4.14,4.21,4.32,4.44,4.56,4.63,4.65,4.63,4.56,4.48,4.39,4.29,4.17,4.04,3.91,3.78,3.65,3.53,3.41
Greece,0.793,0.596,0.371,0.363,0.468,0.738,0.814,0.651,0.365,0.228,0.434,0.65,0.454,0.368,0.939,1.55,1.3,1.3,1.25,0.982,0.897,0.616,0.582,0.498,0.388,0.331,0.334,0.363,0.522,1.06,1.2,0.764,0.588,0.501,0.467,0.441,0.493,0.554,0.383,0.409,0.52,0.367,0.239,0.247,0.293,0.3,0.255,0.265,0.263,0.129,-0.148,-0.541,-0.725,-0.666,-0.659,-0.416,-0.198,-0.203,-0.105,-0.0563
Grenada,1.54,1.26,0.998,0.76,0.542,0.319,0.08,-0.0874,-0.217,-0.261,-0.28,-0.242,-0.344,-0.504,-0.75,-1.11,-1.38,-1.24,-0.564,0.483,1.76,2.75,3.05,2.52,1.49,0.23,-0.759,-1.32,-1.22,-0.625,0.139,0.722,1.1,1.12,0.943,0.712,0.557,0.448,0.397,0.398,0.393,0.381,0.353,0.329,0.299,0.267,0.233,0.26,0.312,0.415,0.525,0.622,0.668,0.671,0.643,0.6,0.553,0.517,0.495,0.461
Greenland,3.63,3.79,3.92,3.24,4.17,3.26,3.4,3.52,3.4,3.29,1.71,2.3,1.44,1.02,0.202,0.201,-0.605,-0.406,0.81,1.2,1.58,0.976,1.16,1.15,0.944,0.562,1.12,1.29,0.908,0.541,-0.18,-0.361,-0.181,0.542,0.539,0.179,0.179,0.178,0,0.178,0.267,0.459,0.275,0.257,0.0422,-0.283,-0.386,-0.402,-0.00888,1.03,-0.0264,-0.141,-0.577,-0.333,-0.322,0.128,-0.0249,-0.266,0.36,0.252
Guatemala,2.94,2.94,2.92,2.89,2.85,2.8,2.74,2.67,2.59,2.51,2.43,2.37,2.33,2.29,2.26,2.24,2.25,2.3,2.39,2.49,2.59,2.67,2.72,2.74,2.75,2.76,2.77,2.77,2.76,2.73,2.69,2.62,2.55,2.49,2.45,2.4,2.36,2.36,2.37,2.43,2.4,2.3,2.18,2.13,2.08,2.03,1.98,1.93,1.88,1.84,1.82,1.78,1.76,1.73,1.69,1.66,1.63,1.6,1.56,1.52
Guam,1.98,2.24,2.39,2.44,2.41,2.35,2.32,2.27,2.25,2.21,2.19,2.14,2.12,2.12,2.14,2.15,2.17,2.18,2.19,2.23,2.23,2.25,2.27,2.26,2.28,2.25,2.24,2.23,2.26,2.29,2.33,2.32,2.26,2.12,1.91,1.7,1.5,1.3,1.1,0.885,0.688,0.496,0.349,0.235,0.197,0.153,0.125,0.119,0.123,0.13,0.157,0.188,0.265,0.368,0.523,0.675,0.815,0.902,0.916,0.886
Guyana,3.01,2.85,2.65,2.42,2.18,1.92,1.69,1.51,1.39,1.31,1.23,1.15,1.1,1.08,1.08,1.1,1.1,1.01,0.793,0.501,0.202,-0.0621,-0.294,-0.481,-0.618,-0.781,-0.919,-0.903,-0.676,-0.306,0.157,0.552,0.738,0.629,0.316,-0.0653,-0.372,-0.555,-0.546,-0.395,-0.203,-0.056,0.0474,0.0798,0.0562,0.024,0.019,0.0453,0.121,0.229,0.346,0.446,0.514,0.537,0.531,0.511,0.499,0.488,0.483,0.482
Hong Kong, China,2.96,4.24,3.44,2.42,2.63,0.885,2.53,2.12,1.6,2.43,2.16,1.92,2.82,3.16,1.9,1.26,1.44,1.81,5.47,2.67,2.35,1.55,1.52,0.983,1.07,1.25,1.01,0.84,1.04,0.321,0.829,0.84,1.72,2.25,1.98,4.44,0.833,0.835,0.955,0.882,0.737,0.443,-0.197,0.78,0.437,0.642,0.86,0.598,0.215,0.734,0.673,1.1,0.402,0.702,0.851,0.619,0.748,0.799,0.754,-0.342
Honduras,2.79,2.79,2.79,2.82,2.85,2.89,2.92,2.94,2.95,2.96,2.95,2.96,2.97,3,3.03,3.06,3.08,3.09,3.09,3.08,3.07,3.06,3.04,3.02,2.99,2.97,2.95,2.92,2.9,2.88,2.85,2.82,2.82,2.82,2.84,2.86,2.87,2.85,2.8,2.73,2.66,2.59,2.52,2.46,2.39,2.32,2.26,2.18,2.11,2.02,1.94,1.87,1.81,1.77,1.74,1.72,1.69,1.67,1.64,1.61
Croatia,0.653,0.703,0.688,0.642,0.657,0.693,0.647,0.619,0.591,0.472,0.43,0.434,0.439,0.458,0.476,0.527,0.52,0.471,0.298,0.109,0.255,0.492,0.517,0.472,0.45,0.425,0.387,0.326,0.253,0.212,-1.87,-2.44,0.537,1.11,-0.69,-1.37,-0.488,-0.0614,-0.432,-0.986,-3.85,0.0589,0.0285,0.0279,0.129,0.0235,-0.0219,-0.0119,-0.105,-0.227,-0.345,-0.306,-0.279,-0.407,-0.824,-0.698,-1.2,-0.893,-0.554,-0.445
Haiti,1.94,1.94,1.94,1.93,1.92,1.92,1.92,1.89,1.84,1.78,1.72,1.67,1.67,1.72,1.8,1.89,1.96,2.05,2.13,2.2,2.28,2.34,2.36,2.34,2.28,2.2,2.14,2.09,2.04,2.01,1.98,1.94,1.91,1.88,1.85,1.83,1.8,1.78,1.75,1.72,1.7,1.67,1.65,1.64,1.62,1.61,1.6,1.58,1.56,1.53,1.51,1.48,1.45,1.42,1.38,1.34,1.31,1.27,1.25,1.23
Hungary,0.453,0.323,0.26,0.316,0.277,0.302,0.372,0.383,0.417,0.38,0.286,0.298,0.322,0.446,0.588,0.55,0.465,0.345,0.181,0.0651,0.00678,-0.059,-0.15,-0.2,-0.182,-0.171,-0.168,-0.153,-1.09,-1.03,-0.00567,-0.0391,-0.114,-0.137,-0.139,-0.172,-0.201,-0.233,-0.283,-0.26,-0.229,-0.285,-0.286,-0.221,-0.199,-0.156,-0.155,-0.175,-0.155,-0.226,-0.283,-0.516,-0.275,-0.269,-0.238,-0.295,-0.266,-0.127,-0.0453,-0.219
Indonesia,2.64,2.65,2.66,2.68,2.7,2.71,2.72,2.72,2.7,2.68,2.65,2.63,2.6,2.56,2.53,2.48,2.44,2.41,2.38,2.36,2.34,2.31,2.27,2.2,2.12,2.04,1.96,1.89,1.83,1.78,1.74,1.69,1.64,1.59,1.54,1.5,1.45,1.42,1.4,1.38,1.37,1.36,1.35,1.34,1.34,1.33,1.32,1.32,1.33,1.34,1.35,1.35,1.34,1.31,1.27,1.22,1.18,1.13,1.1,1.07
India,2,2.03,2.06,2.07,2.08,2.08,2.09,2.11,2.15,2.2,2.26,2.3,2.33,2.33,2.32,2.3,2.29,2.29,2.29,2.31,2.32,2.33,2.32,2.3,2.26,2.22,2.18,2.15,2.11,2.08,2.04,2,1.97,1.94,1.92,1.9,1.87,1.84,1.81,1.77,1.73,1.69,1.65,1.62,1.58,1.55,1.51,1.46,1.41,1.35,1.29,1.23,1.18,1.15,1.12,1.09,1.06,1.04,1.01,0.989
Ireland,-0.149,0.412,0.584,0.486,0.374,0.399,0.471,0.45,0.585,0.835,1.17,1.49,1.6,1.66,1.65,1.51,1.35,1.42,1.33,1.15,1.17,0.945,0.709,0.62,0.16,0.0454,0.0104,-0.428,-0.396,0.0844,0.575,0.682,0.5,0.394,0.513,0.791,1,1.04,1.13,1.33,1.59,1.69,1.63,1.83,2.18,2.7,2.89,2.04,1.02,0.545,0.436,0.424,0.527,0.731,0.945,1.13,1.09,1.24,1.37,1.22
Iran,2.58,2.59,2.61,2.62,2.63,2.65,2.67,2.68,2.67,2.66,2.66,2.67,2.72,2.81,2.92,3.02,3.12,3.27,3.49,3.72,3.93,4.07,4.14,4.12,4.04,3.96,3.85,3.61,3.23,2.78,2.3,1.89,1.59,1.44,1.4,1.38,1.34,1.31,1.29,1.26,1.25,1.25,1.24,1.21,1.17,1.13,1.1,1.09,1.11,1.14,1.18,1.21,1.24,1.28,1.32,1.36,1.39,1.39,1.35,1.29
Iraq,2.51,2.63,2.76,2.91,3.07,3.23,3.37,3.44,3.45,3.41,3.35,3.3,3.26,3.24,3.24,3.23,3.21,3.15,3.05,2.93,2.82,2.73,2.62,2.5,2.38,2.25,2.16,2.16,2.28,2.47,2.66,2.83,2.96,3.04,3.07,3.1,3.11,3.1,3.06,3,2.98,2.95,2.82,2.58,2.29,1.93,1.67,1.69,2.05,2.62,3.25,3.72,3.9,3.71,3.32,2.88,2.54,2.32,2.25,2.3
Iceland,1.95,1.85,1.78,1.78,1.73,1.69,1.61,1.37,0.929,0.524,0.809,1.46,1.51,1.35,1.28,0.993,0.744,0.781,0.978,1.06,1.14,1.34,1.32,1.06,0.788,0.733,1.1,1.57,1.24,0.778,1.16,1.26,1.02,0.867,0.542,0.54,0.819,1.07,1.21,1.37,1.33,0.893,0.693,0.878,1.58,2.35,2.53,1.86,0.341,-0.144,0.305,0.532,0.946,1.11,1.04,1.39,2.35,2.68,2.2,1.61
Israel,3.3,4.82,3.68,3.96,3.49,2.54,4.32,2.09,2.61,3.32,3.14,2.54,4.05,2.98,2.28,2.23,2.24,2.11,2.57,2.4,1.99,1.88,1.82,1.31,1.76,1.55,1.62,1.66,1.7,3.09,6.02,3.46,2.66,2.59,2.67,2.62,2.5,2.29,2.55,2.64,2.36,2.01,1.81,1.77,1.76,1.77,1.78,1.78,2.39,1.83,1.85,1.85,1.87,1.92,1.98,1.96,1.94,1.93,1.91,1.78
Italy,0.668,0.677,0.73,0.823,0.842,0.777,0.724,0.632,0.566,0.529,0.466,0.568,0.678,0.654,0.597,0.499,0.425,0.356,0.289,0.206,0.12,0.0741,0.0363,0.0223,0.0289,0.00545,0.0102,0.0483,0.075,0.0837,0.0692,0.0679,0.0611,0.0204,0.00159,0.0281,0.0529,0.0288,0.0168,0.0453,0.0562,0.149,0.445,0.647,0.491,0.301,0.505,0.662,0.456,0.308,0.172,0.27,1.16,0.917,-0.0964,-0.17,-0.15,-0.19,-1.15,-0.294
Jamaica,1.37,1.53,1.61,1.58,1.48,1.36,1.27,1.24,1.29,1.39,1.52,1.6,1.63,1.58,1.48,1.34,1.23,1.2,1.27,1.4,1.56,1.68,1.67,1.51,1.26,0.965,0.728,0.588,0.586,0.682,0.8,0.886,0.952,0.98,0.978,0.979,0.983,0.961,0.908,0.833,0.751,0.676,0.614,0.573,0.548,0.525,0.5,0.492,0.501,0.522,0.549,0.571,0.582,0.573,0.551,0.525,0.501,0.478,0.456,0.436
Jordan,4.29,3.7,3.84,4.85,6.26,7.66,8.47,8.42,7.53,6.23,4.98,4.05,3.37,3,2.86,2.73,2.61,2.65,2.87,3.2,3.59,3.92,4.12,4.14,4.07,3.9,3.79,3.91,4.29,4.78,5.31,5.61,5.48,4.85,3.97,3.09,2.41,1.95,1.76,1.79,1.83,1.9,2.17,2.65,3.27,3.84,4.31,4.7,5.01,5.2,5.38,5.42,5.17,4.59,3.82,3.06,2.39,1.82,1.36,0.999
Japan,0.896,0.929,1.01,1.04,1.08,0.914,1.03,1.13,1.19,1.15,2.19,1.4,1.41,1.33,1.27,1.07,0.968,0.91,0.847,0.788,0.728,0.694,0.696,0.648,0.626,0.532,0.482,0.416,0.4,0.332,0.393,0.371,0.324,0.279,0.235,0.227,0.238,0.272,0.183,0.167,0.241,0.233,0.214,0.0337,0.00939,0.0634,0.115,0.0484,-0.0125,0.018,-0.185,-0.16,-0.144,-0.133,-0.106,-0.115,-0.164,-0.203,-0.209,-0.34
Kazakhstan,4.09,3.86,3.57,3.21,2.83,2.42,2.07,1.81,1.68,1.64,1.63,1.6,1.54,1.43,1.29,1.15,1.03,0.973,0.983,1.04,1.09,1.12,1.15,1.17,1.17,1.19,1.17,1.03,0.268,0.604,0.632,-0.0767,-0.356,-1.44,-2.06,-1.52,-1.58,-1.73,-0.955,-0.3,-0.17,0.00413,0.336,0.695,0.889,1.06,1.14,1.87,1.98,1.41,1.43,1.41,1.44,1.47,1.46,1.42,1.36,1.31,1.29,1.29
Kenya,3.12,3.16,3.2,3.24,3.28,3.32,3.35,3.4,3.46,3.52,3.58,3.63,3.68,3.71,3.74,3.76,3.78,3.8,3.82,3.85,3.86,3.87,3.85,3.8,3.75,3.68,3.62,3.54,3.47,3.38,3.3,3.23,3.15,3.07,2.99,2.91,2.85,2.8,2.77,2.75,2.73,2.71,2.71,2.72,2.74,2.76,2.77,2.77,2.75,2.72,2.69,2.66,2.62,2.56,2.49,2.42,2.36,2.31,2.27,2.25
Kyrgyz Republic,3.78,3.38,3.38,3.32,3.08,3.14,3.01,2.95,2.68,2.22,2.09,2.16,2.1,2.2,2.1,1.99,1.92,1.83,1.84,1.82,1.87,1.97,2.08,2.01,1.87,1.89,1.9,1.76,2.09,1.92,1.64,1.15,0.0288,-0.0354,0.998,1.48,1.46,1.53,1.49,1.19,0.949,0.918,1.05,1.21,1.13,1.08,0.954,0.95,1.21,1.19,1.22,1.67,1.98,2.01,2.06,2.04,1.93,1.99,2.09,2.08
Cambodia,2.6,2.61,2.54,2.36,2.12,1.81,1.52,1.39,1.48,1.67,2.02,2.25,1.99,1.12,-0.118,-1.6,-2.86,-3.37,-2.72,-1.14,0.834,2.49,3.55,3.8,3.52,3.14,2.94,2.86,2.98,3.22,3.44,3.54,3.54,3.42,3.23,3.02,2.83,2.64,2.44,2.24,2.04,1.86,1.71,1.62,1.57,1.53,1.49,1.48,1.5,1.54,1.59,1.63,1.65,1.64,1.6,1.57,1.53,1.49,1.45,1.4
Kiribati,2.49,2.45,2.42,2.34,2.26,2.13,2.03,1.95,1.83,1.73,1.62,1.52,1.47,1.44,1.43,1.46,1.49,1.49,1.47,1.4,1.35,1.3,1.38,1.62,1.96,2.34,2.62,2.7,2.52,2.16,1.78,1.45,1.25,1.26,1.36,1.52,1.61,1.69,1.72,1.72,1.69,1.69,1.74,1.85,1.99,2.17,2.29,2.28,2.17,1.96,1.74,1.54,1.43,1.38,1.4,1.43,1.43,1.47,1.51,1.55
St. Kitts and Nevis,-0.00586,-0.46,-0.851,-1.2,-1.45,-1.76,-2.01,-2.11,-1.89,-1.44,-0.871,-0.385,-0.0316,0.0406,-0.115,-0.296,-0.445,-0.55,-0.576,-0.579,-0.552,-0.537,-0.601,-0.659,-0.771,-0.948,-1.06,-0.999,-0.689,-0.233,0.3,0.765,1.1,1.15,1.1,0.934,0.902,0.855,0.914,1.05,1.17,1.26,1.28,1.25,1.14,1.02,0.917,0.853,0.87,0.844,0.876,0.884,0.892,0.886,0.839,0.827,0.785,0.77,0.752,0.675
South Korea,2.97,2.86,2.78,2.62,2.54,2.51,2.34,2.32,2.26,2.18,1.97,1.88,1.77,1.71,1.68,1.6,1.56,1.52,1.52,1.56,1.56,1.55,1.47,1.23,0.985,0.995,0.985,0.979,0.989,0.985,0.99,1.04,1.02,1.01,1.01,0.953,0.938,0.722,0.711,0.836,0.767,0.578,0.518,0.396,0.212,0.525,0.505,0.759,0.515,0.498,0.769,0.526,0.455,0.628,0.527,0.397,0.281,0.475,0.198,0.138
Kosovo,1.99,2.86,2.78,2.7,2.63,2.56,2.59,2.44,2.38,2.32,2.27,2.46,2.32,2.34,2.22,2.24,2.12,2.08,2.1,1.99,2.02,1.91,2,2.02,2.1,2.06,2.08,2.14,1.99,1.9,1.91,1.78,1.69,1.62,1.59,1.47,1.3,-5.92,-11,-3.58,0.0679,0.0679,0.0679,0.0678,0.0679,0.803,0.803,0.803,0.803,0.803,0.859,0.895,0.607,-0.294,-1.36,-0.597,0.754,0.339,-0.458,-0.758
Kuwait,11.1,11.5,11.6,11.3,10.8,10.3,9.82,9.22,8.49,7.74,7.03,6.46,6.12,6.01,6.05,6.09,6.05,5.93,5.72,5.45,5.03,4.64,4.5,4.66,4.91,5.44,5.66,4.83,2.81,0.122,-3.1,,,,,1.3,5,6.83,6.37,4.68,2.8,1.59,1.15,1.78,3.12,4.46,5.35,5.89,6.03,5.88,5.72,5.55,5.17,4.56,3.84,3.11,2.48,1.98,1.67,1.5
Lao,2.3,2.31,2.32,2.34,2.35,2.35,2.34,2.37,2.46,2.56,2.71,2.8,2.72,2.43,2.01,1.54,1.18,1.05,1.21,1.57,1.98,2.32,2.57,2.72,2.79,2.84,2.89,2.91,2.89,2.85,2.8,2.73,2.62,2.48,2.31,2.14,1.98,1.85,1.75,1.67,1.6,1.53,1.51,1.52,1.57,1.63,1.68,1.7,1.67,1.62,1.56,1.52,1.49,1.49,1.52,1.54,1.55,1.55,1.52,1.47
Lebanon,3.25,3.2,3.05,2.79,2.47,2.09,1.77,1.64,1.78,2.07,2.43,2.67,2.62,2.19,1.52,0.799,0.205,-0.174,-0.243,-0.0766,0.207,0.456,0.609,0.608,0.527,0.334,0.266,0.625,1.54,2.77,4.15,5.15,5.38,4.73,3.61,2.31,1.31,0.955,1.46,2.5,3.78,4.68,4.81,4.04,2.79,1.29,0.159,-0.0546,1.01,2.87,4.9,6.25,6.56,5.72,4.25,2.74,1.55,0.585,-0.0539,-0.442
Liberia,2.09,2.11,2.13,2.17,2.21,2.25,2.3,2.35,2.41,2.47,2.54,2.6,2.66,2.73,2.8,2.8,2.78,2.84,3.02,3.22,3.49,3.62,3.35,2.61,1.6,0.589,-0.238,-0.896,-1.31,-1.46,-1.74,-1.91,-1.25,0.494,2.89,5.51,7.39,7.9,6.99,5.36,3.64,2.37,1.72,1.89,2.6,3.39,3.91,4.13,3.97,3.59,3.19,2.9,2.69,2.58,2.55,2.53,2.49,2.45,2.43,2.41
Libya,3.37,3.46,3.57,3.7,3.85,3.98,4.08,4.17,4.24,4.3,4.34,4.36,4.34,4.27,4.18,4.06,3.95,3.88,3.87,3.89,3.91,3.89,3.78,3.59,3.34,3.07,2.84,2.66,2.54,2.46,2.4,2.32,2.22,2.08,1.92,1.75,1.61,1.53,1.51,1.54,1.58,1.6,1.6,1.58,1.54,1.51,1.48,1.4,1.23,1.03,0.8,0.611,0.549,0.657,0.881,1.14,1.35,1.48,1.47,1.38
St. Lucia,1.13,1.29,1.43,1.52,1.57,1.63,1.67,1.65,1.54,1.37,1.17,1,0.944,1,1.14,1.3,1.44,1.51,1.52,1.44,1.35,1.29,1.3,1.4,1.56,1.73,1.87,1.89,1.8,1.63,1.43,1.25,1.15,1.16,1.23,1.33,1.39,1.38,1.28,1.12,0.919,0.761,0.711,0.801,0.976,1.2,1.36,1.4,1.29,1.08,0.827,0.634,0.481,0.451,0.461,0.499,0.514,0.515,0.496,0.455
Liechtenstein,2.35,2.37,2.42,2.49,2.56,2.74,2.72,2.75,2.58,2.39,2.14,1.97,1.78,1.87,1.94,2.1,2.14,2.09,1.96,1.63,1.34,1.15,0.964,0.884,0.95,0.97,1.02,1.07,1.11,1.19,1.3,1.31,1.46,1.42,1.53,1.51,1.51,1.48,1.41,1.27,1.08,1.01,0.843,0.793,0.792,0.738,0.69,0.713,0.714,0.761,0.838,0.867,0.884,0.752,0.659,0.506,0.398,0.298,0.269,0.307
Sri Lanka,2.37,2.35,2.34,2.35,2.38,2.4,2.4,2.37,2.3,2.19,2.08,1.98,1.9,1.87,1.86,1.86,1.84,1.81,1.74,1.66,1.56,1.48,1.43,1.41,1.42,1.43,1.42,1.4,1.35,1.27,1.2,1.14,1.05,0.942,0.817,0.679,0.563,0.506,0.53,0.611,0.712,0.794,0.844,0.845,0.811,0.77,0.739,0.713,0.696,0.685,0.673,0.13,0.78,0.933,0.92,1.1,1.13,1.05,0.612,0.531
Lesotho,1.85,1.89,1.93,1.98,2.03,2.09,2.15,2.2,2.23,2.26,2.28,2.3,2.37,2.48,2.63,2.78,2.89,2.94,2.92,2.84,2.76,2.69,2.61,2.51,2.42,2.3,2.2,2.14,2.16,2.21,2.25,2.26,2.22,2.12,1.98,1.86,1.73,1.49,1.11,0.645,0.144,-0.291,-0.567,-0.616,-0.492,-0.31,-0.151,0.0103,0.151,0.273,0.411,0.557,0.67,0.733,0.759,0.776,0.792,0.8,0.8,0.796
Lithuania,1.61,1.4,1.24,1.24,1.23,1.22,1.2,1.13,0.92,1.04,1.25,1.08,0.954,0.904,0.844,0.815,0.789,0.727,0.541,0.451,0.577,0.703,0.807,0.829,0.86,0.965,1.04,1.06,0.796,0.368,0.17,-0.109,-0.474,-0.694,-0.77,-0.76,-0.738,-0.724,-0.709,-0.703,-0.824,-0.803,-0.812,-1.12,-1.63,-1.6,-1.19,-1.03,-1.11,-2.1,-2.26,-1.34,-1.01,-0.86,-0.941,-1.27,-1.4,-0.954,-0.265,0.0202
Luxembourg,0.912,1.22,1.04,1.12,1.14,0.72,0.329,0.255,0.49,0.494,0.954,1.21,1.1,1.3,1.09,0.495,0.174,0.179,0.234,0.356,0.295,0.0821,0.0265,0.103,0.193,0.449,0.648,0.726,0.973,1.25,1.34,1.33,1.34,1.36,1.4,1.36,1.25,1.24,1.35,1.34,1.19,1.05,1.22,1.42,1.53,1.6,1.54,1.79,1.85,1.83,2.22,2.4,2.31,2.36,2.36,2.16,2.43,1.93,1.96,1.96
Latvia,1.48,1.33,1.34,1.33,1.12,0.76,0.785,0.969,0.838,0.68,0.727,0.808,0.837,0.881,0.774,0.603,0.568,0.516,0.321,0.229,0.307,0.462,0.588,0.628,0.655,0.812,1.02,1.02,0.508,-0.143,-0.473,-1.38,-1.97,-1.67,-1.43,-1.13,-0.997,-0.943,-0.814,-0.964,-1.29,-1.16,-0.966,-1.09,-1.08,-0.917,-0.816,-1.05,-1.65,-2.08,-1.82,-1.24,-1.07,-0.942,-0.819,-0.914,-0.886,-0.779,-0.695,-0.643
Macao, China,1.58,3.3,4.47,4.93,4.87,4.79,4.69,4.2,3.31,2.2,1.03,0.01,-0.736,-1.08,-1.09,-1.06,-1.01,-0.633,0.113,1.12,2.2,3.15,3.82,4.13,4.17,4.18,4.17,4,3.68,3.26,2.81,2.43,2.15,2.03,2.02,2.02,2.01,2.04,2.12,2.22,2.35,2.46,2.5,2.46,2.36,2.24,2.14,2.1,2.14,2.22,2.32,2.37,2.34,2.2,1.99,1.77,1.58,1.44,1.39,1.38
St. Martin (French part),2.48,2.03,2.45,2.9,3.85,4.46,5.15,5.38,5.01,4.41,4.09,3.49,3.42,3.56,4.17,5.21,6.19,6.01,4.37,2.54,-1.17,-3.56,-0.912,8.89,19.9,27.4,28,23.5,16.4,9.3,2.87,-1.95,-5.23,-5.84,-4.17,-1.72,0.208,1.76,2.64,2.85,3.1,3.51,3.63,3.47,3.16,2.84,2.52,2.03,1.35,0.539,-0.349,-1.18,-1.51,-1.21,-0.426,0.545,1.4,1.88,1.96,1.71
Morocco,3.05,2.98,2.89,2.77,2.65,2.53,2.43,2.33,2.26,2.2,2.14,2.09,2.08,2.12,2.18,2.24,2.29,2.33,2.37,2.39,2.42,2.43,2.41,2.33,2.23,2.12,2.01,1.93,1.87,1.84,1.81,1.77,1.71,1.63,1.53,1.43,1.35,1.27,1.22,1.18,1.15,1.12,1.11,1.11,1.12,1.14,1.16,1.19,1.24,1.29,1.35,1.39,1.42,1.4,1.37,1.33,1.29,1.25,1.22,1.2
Monaco,1.56,1,0.528,0.306,0.228,0.0558,-0.0429,0.0129,0.227,0.594,0.991,1.37,1.63,1.56,1.5,1.26,1.12,1.08,1.15,1.36,1.52,1.72,1.64,1.48,1.13,0.739,0.364,0.26,0.263,0.422,0.664,0.773,0.953,0.961,0.965,0.875,0.858,0.911,0.89,0.975,1.01,1.01,1.03,1.07,1.02,1.02,0.975,0.969,1.04,1.09,1.16,1.2,1.2,1.13,1.07,0.916,0.842,0.753,0.734,0.708
Moldova,2.37,2.24,2.08,1.97,1.82,1.68,1.55,1.43,1.41,1.39,1.4,1.42,1.36,1.28,1.11,1.01,0.849,0.812,0.805,0.887,0.967,1.02,1.03,1.02,0.957,0.892,0.857,0.74,0.572,0.407,0.216,0.054,-0.135,-0.298,-0.405,-0.2,-0.37,-0.0404,-0.157,-0.203,-0.224,-0.232,-0.282,-0.247,-0.243,-0.278,-0.232,-0.19,-0.126,-0.0999,-0.0578,-0.0131,-0.0268,-0.061,-0.788,-1.15,-1.69,-1.72,-1.67,-1.72
Madagascar,2.41,2.44,2.47,2.5,2.53,2.56,2.58,2.62,2.65,2.69,2.72,2.75,2.78,2.8,2.82,2.84,2.85,2.86,2.87,2.87,2.88,2.89,2.88,2.87,2.85,2.83,2.82,2.82,2.85,2.89,2.92,2.96,3,3.04,3.08,3.12,3.15,3.16,3.15,3.12,3.09,3.05,3.02,2.99,2.95,2.92,2.89,2.86,2.82,2.79,2.76,2.73,2.71,2.7,2.69,2.69,2.68,2.67,2.66,2.64
Maldives,2.69,2.75,2.74,2.67,2.5,2.33,2.21,2.22,2.42,2.72,3.08,3.33,3.47,3.39,3.21,2.99,2.85,2.83,2.98,3.21,3.45,3.61,3.7,3.67,3.59,3.49,3.39,3.28,3.15,3.03,2.91,2.8,2.64,2.44,2.21,1.96,1.78,1.73,1.87,2.12,2.44,2.71,2.85,2.8,2.64,2.44,2.32,2.44,2.85,3.43,3.96,4.31,4.52,4.57,4.47,4.43,4.3,3.82,2.91,1.79
Mexico,3.11,3.11,3.1,3.11,3.11,3.11,3.11,3.09,3.08,3.05,3.03,2.99,2.94,2.87,2.79,2.7,2.62,2.55,2.49,2.45,2.4,2.35,2.3,2.23,2.17,2.1,2.04,1.99,1.94,1.89,1.85,1.81,1.76,1.71,1.66,1.61,1.56,1.52,1.48,1.44,1.4,1.37,1.36,1.38,1.42,1.46,1.49,1.5,1.48,1.44,1.39,1.36,1.32,1.28,1.24,1.2,1.16,1.13,1.09,1.06
Marshall Islands,2.57,3.21,3.56,3.65,3.37,3.14,3.03,3.12,3.37,3.88,4.37,4.72,4.83,4.55,4.19,3.72,3.45,3.3,3.52,3.86,4.19,4.44,4.55,4.71,4.72,4.79,4.75,4.46,3.86,3.09,2.38,1.72,1.18,0.772,0.477,0.137,-0.139,-0.192,0.123,0.664,1.29,1.84,2.07,1.87,1.42,0.915,0.503,0.214,0.158,0.188,0.289,0.332,0.389,0.438,0.455,0.485,0.57,0.617,0.647,0.683
North Macedonia,1.27,1.28,1.32,1.39,1.47,1.58,1.66,1.65,1.53,1.33,1.08,0.883,0.797,0.867,1.04,1.24,1.39,1.43,1.32,1.12,0.896,0.704,0.543,0.433,0.36,0.302,0.238,0.162,0.0679,-0.0323,-0.146,-0.233,-0.233,-0.117,0.078,0.311,0.509,0.621,0.611,0.514,0.393,0.297,0.219,0.176,0.157,0.138,0.11,0.092,0.0832,0.0825,0.0843,0.0864,0.0863,0.0826,0.0748,0.0678,0.0601,0.0461,0.024,-0.00374
Mali,1.11,1.1,1.11,1.14,1.17,1.2,1.24,1.3,1.38,1.48,1.59,1.69,1.75,1.78,1.77,1.75,1.74,1.75,1.82,1.9,2.02,2.11,2.1,1.96,1.77,1.53,1.37,1.35,1.52,1.83,2.17,2.46,2.64,2.69,2.65,2.59,2.58,2.6,2.69,2.81,2.93,3.02,3.1,3.17,3.23,3.29,3.34,3.33,3.26,3.16,3.04,2.95,2.9,2.9,2.94,2.98,3,3.01,3,2.97
Malta,-0.399,-0.416,-0.418,-0.404,-0.766,-1.14,-1.16,-1.18,-1.18,-0.544,0.0165,-0.0826,-0.0827,-0.0675,0.734,0.509,0.39,1.04,1.01,1.05,0.735,2.14,1.41,0.0209,1.76,1.67,0.689,0.821,0.973,0.978,2.7,1.03,0.999,0.935,0.697,0.657,0.757,0.65,0.593,0.645,0.751,0.746,0.658,0.672,0.637,0.364,0.349,0.651,0.754,0.491,0.424,0.899,1.4,2,2.39,2.29,2.74,3.49,3.93,4.12
Myanmar,2.16,2.16,2.18,2.21,2.26,2.3,2.33,2.35,2.36,2.35,2.34,2.32,2.31,2.3,2.29,2.27,2.25,2.23,2.21,2.19,2.17,2.14,2.1,2.03,1.96,1.88,1.81,1.71,1.6,1.47,1.33,1.21,1.15,1.14,1.19,1.25,1.29,1.29,1.24,1.16,1.08,1.01,0.932,0.859,0.791,0.715,0.648,0.619,0.64,0.695,0.767,0.826,0.85,0.823,0.762,0.689,0.634,0.608,0.626,0.672
Montenegro,2.17,2.3,2.14,1.61,0.873,0.0175,-0.691,-1.02,-0.803,-0.182,0.592,1.22,1.6,1.62,1.4,1.11,0.903,0.802,0.854,1,1.19,1.3,1.27,1.07,0.748,0.381,0.0712,-0.12,-0.139,-0.0328,0.121,0.232,0.271,0.2,0.0528,-0.116,-0.243,-0.305,-0.419,-0.028,0.402,0.401,0.399,0.177,0.148,0.124,0.138,0.177,0.215,0.183,0.105,0.0842,0.0976,0.097,0.0561,0.0231,0.0112,-0.0235,-0.032,-0.0498
Mongolia,2.75,2.92,3.02,3.04,2.99,2.92,2.87,2.85,2.87,2.9,2.95,2.96,2.95,2.9,2.83,2.75,2.68,2.63,2.61,2.6,2.56,2.52,2.53,2.59,2.68,2.79,2.85,2.73,2.43,1.99,1.53,1.15,0.874,0.761,0.766,0.804,0.824,0.849,0.869,0.888,0.921,0.973,1.04,1.11,1.2,1.28,1.36,1.46,1.58,1.71,1.84,1.94,2,2,1.96,1.91,1.86,1.8,1.72,1.63
Northern Mariana Islands,2.6,1.89,1.46,1.77,2.23,2.84,3.31,3.45,3.58,3.31,3.2,3.38,3.11,2.41,1.66,0.715,0.166,0.781,3.07,6.16,8.83,10.4,11.5,12,11.9,12,11.6,10.2,7.75,4.95,1.97,-0.406,-1.54,-0.882,1.12,3.53,5.2,5.72,4.85,3.22,1.5,0.159,-0.787,-1.24,-1.22,-1.18,-1.21,-1.08,-0.785,-0.412,0.0778,0.541,0.88,0.936,0.861,0.729,0.649,0.592,0.568,0.599
Mozambique,2.16,2.22,2.27,2.29,2.29,2.3,2.3,2.31,2.31,2.32,2.3,2.29,2.33,2.43,2.57,2.71,2.78,2.78,2.68,2.51,2.4,2.3,2.03,1.57,1.01,0.346,-0.174,-0.222,0.375,1.41,2.59,3.52,4.01,3.94,3.52,3.04,2.7,2.51,2.53,2.68,2.84,2.93,2.98,2.95,2.89,2.82,2.78,2.75,2.74,2.74,2.75,2.75,2.77,2.8,2.83,2.87,2.9,2.91,2.91,2.89
Mauritania,2.92,2.94,2.96,2.98,3,3.02,3.03,3.03,3.03,3.01,3,2.98,2.97,2.96,2.95,2.95,2.93,2.93,2.93,2.93,2.93,2.93,2.91,2.86,2.81,2.75,2.7,2.66,2.63,2.61,2.6,2.59,2.58,2.56,2.54,2.53,2.52,2.54,2.58,2.64,2.71,2.76,2.81,2.83,2.85,2.86,2.87,2.88,2.91,2.93,2.95,2.95,2.95,2.93,2.89,2.86,2.82,2.78,2.74,2.7
Mauritius,3.19,2.84,2.61,2.41,2.23,2.08,1.95,1.83,1.74,1.66,1.59,1.52,1.49,1.52,1.58,1.61,1.63,1.31,1.74,1.69,1.48,1.22,0.92,1.05,0.817,0.765,0.748,0.688,0.766,0.712,1.08,1.32,1.19,1.4,0.86,1.02,1.25,1.05,1.27,0.983,0.79,0.694,0.724,0.627,0.592,0.466,0.456,0.362,0.266,0.238,0.16,0.277,0.22,0.181,0.132,0.0687,0.0902,0.0546,0.0322,0.00229
Malawi,2.37,2.41,2.44,2.47,2.5,2.53,2.56,2.59,2.6,2.62,2.63,2.65,2.68,2.74,2.82,2.94,3.06,3.08,2.98,2.84,2.56,2.37,2.58,3.31,4.27,5.33,6.01,5.91,4.96,3.56,2.06,0.888,0.251,0.363,1.01,1.8,2.39,2.76,2.82,2.68,2.51,2.43,2.42,2.48,2.6,2.72,2.8,2.85,2.87,2.87,2.86,2.86,2.84,2.8,2.76,2.71,2.67,2.64,2.64,2.65
Malaysia,3.16,3.21,3.19,3.07,2.9,2.73,2.58,2.47,2.41,2.39,2.36,2.34,2.34,2.37,2.42,2.49,2.55,2.57,2.54,2.48,2.41,2.36,2.38,2.48,2.64,2.81,2.94,2.98,2.93,2.82,2.68,2.57,2.51,2.5,2.52,2.55,2.56,2.53,2.44,2.32,2.2,2.08,2.01,1.97,1.97,1.97,1.96,1.91,1.82,1.69,1.56,1.45,1.37,1.34,1.34,1.36,1.36,1.35,1.33,1.29
Namibia,2.36,2.41,2.45,2.49,2.51,2.52,2.53,2.59,2.7,2.84,3,3.11,3.09,2.93,2.68,2.42,2.22,2.1,2.08,2.14,2.17,2.21,2.37,2.67,3.04,3.43,3.71,3.79,3.63,3.33,2.99,2.71,2.48,2.33,2.24,2.16,2.06,1.96,1.84,1.73,1.61,1.52,1.48,1.51,1.59,1.69,1.77,1.82,1.83,1.8,1.77,1.75,1.75,1.77,1.81,1.85,1.87,1.88,1.87,1.84
New Caledonia,2.75,2.67,2.72,2.76,2.69,3.26,3.16,3.06,4.42,7.41,6.9,4.48,2.36,1.93,1.14,1.13,1.48,1.1,0.725,1.11,1.84,2.12,2.04,1.96,1.83,1.86,1.98,1.94,1.97,2.37,2.58,2.5,2.58,2.67,2.26,1.92,1.93,1.9,1.9,1.9,1.9,1.9,1.7,1.52,1.52,1.5,1.47,1.45,1.31,1.53,1.83,1.81,1.78,1.66,0.242,0.242,0.241,0.24,0.24,0.243
Niger,2.84,2.88,2.9,2.9,2.89,2.87,2.85,2.84,2.82,2.8,2.78,2.77,2.77,2.79,2.82,2.85,2.88,2.9,2.9,2.88,2.88,2.88,2.88,2.88,2.89,2.89,2.91,2.95,3.02,3.12,3.21,3.3,3.37,3.42,3.45,3.48,3.52,3.55,3.58,3.61,3.64,3.66,3.69,3.71,3.73,3.74,3.76,3.78,3.81,3.84,3.88,3.9,3.91,3.9,3.88,3.86,3.84,3.82,3.79,3.77
Nigeria,2.03,2.08,2.11,2.13,2.14,2.15,2.17,2.2,2.24,2.29,2.32,2.36,2.44,2.57,2.71,2.87,2.99,3.03,2.97,2.85,2.71,2.6,2.53,2.53,2.56,2.6,2.63,2.63,2.61,2.58,2.55,2.52,2.5,2.49,2.49,2.49,2.49,2.49,2.5,2.5,2.51,2.52,2.54,2.56,2.59,2.61,2.63,2.65,2.66,2.67,2.68,2.68,2.68,2.67,2.65,2.63,2.61,2.59,2.56,2.54
Nicaragua,3.14,3.1,3.07,3.05,3.04,3.03,3.02,3.02,3.03,3.05,3.06,3.07,3.08,3.09,3.09,3.09,3.08,3.05,2.99,2.92,2.86,2.79,2.7,2.59,2.48,2.35,2.24,2.17,2.16,2.19,2.23,2.25,2.22,2.14,2.02,1.9,1.8,1.7,1.62,1.56,1.49,1.43,1.39,1.37,1.37,1.37,1.37,1.37,1.37,1.36,1.35,1.34,1.33,1.32,1.3,1.29,1.27,1.26,1.23,1.2
Netherlands,1.32,1.42,1.35,1.34,1.37,1.31,1.13,1.04,1.16,1.24,1.19,1.01,0.827,0.784,0.891,0.785,0.595,0.615,0.69,0.791,0.686,0.459,0.379,0.397,0.466,0.555,0.635,0.646,0.6,0.689,0.788,0.756,0.697,0.603,0.494,0.461,0.515,0.617,0.665,0.715,0.755,0.638,0.472,0.347,0.234,0.161,0.218,0.389,0.514,0.513,0.466,0.37,0.295,0.36,0.443,0.532,0.591,0.584,0.655,0.553
Curaçao,1.04,1.8,1.89,1.73,1.58,1.04,1.06,1.55,1.61,1.5,1.81,0.218,-0.542,0.975,0.523,0.181,0.0401,-0.751,-0.331,0.128,0.396,0.986,0.702,0.515,0.506,-0.0321,-0.793,-1.46,-1.56,-1.05,-0.688,-0.341,0.269,0.229,0.351,0.801,0.443,-1.7,-3.55,-4.08,-3.66,0.122,2.06,1.73,2.55,2.57,1.97,1.26,0.651,1.27,1.42,0.83,1.13,1.35,1.32,1.06,0.32,-0.525,-1.2,-1.55
Norway,0.794,0.803,0.756,0.755,0.777,0.798,0.837,0.841,0.815,0.727,0.701,0.765,0.7,0.62,0.552,0.469,0.423,0.382,0.341,0.321,0.344,0.367,0.331,0.282,0.299,0.357,0.468,0.538,0.413,0.344,0.476,0.577,0.595,0.569,0.519,0.507,0.542,0.595,0.685,0.649,0.506,0.539,0.587,0.591,0.681,0.805,1.03,1.25,1.26,1.25,1.3,1.31,1.21,1.13,0.995,0.881,0.808,0.66,0.675,0.589
Nepal,1.59,1.6,1.63,1.68,1.74,1.8,1.87,1.92,1.97,2.01,2.04,2.08,2.12,2.15,2.18,2.2,2.23,2.25,2.27,2.29,2.31,2.33,2.33,2.31,2.28,2.24,2.2,2.23,2.33,2.47,2.61,2.71,2.73,2.65,2.51,2.36,2.21,2.07,1.94,1.82,1.68,1.54,1.43,1.34,1.27,1.24,1.2,1.07,0.81,0.481,0.104,-0.193,-0.268,-0.0402,0.404,0.915,1.35,1.66,1.81,1.83
Nauru,5.55,6.59,6.43,5.89,4.7,3.46,2.54,1.94,1.6,1.66,1.75,1.92,1.91,1.9,1.63,1.47,1.53,1.46,1.6,1.63,1.54,1.83,1.82,2.04,2.02,2.07,2.15,2.12,2.37,2.46,2.7,2.67,2.53,2.01,1.23,0.479,-0.319,-0.717,-1.12,-1.1,-1.13,-1.15,-1.11,-0.844,-0.587,-0.213,0.193,0.345,0.656,0.641,0.598,0.663,0.708,0.79,0.823,0.959,0.979,0.95,0.802,0.648
New Zealand,2,2.54,1.99,2.09,1.65,1.79,1.79,0.877,0.895,1.36,1.49,1.77,1.96,2.09,1.95,0.885,0.311,0.032,-0.392,0.125,0.385,0.993,1.36,0.865,0.618,-0.0246,0.862,0.274,0.48,0.923,,1.04,1.14,1.33,1.46,1.58,1.31,0.887,0.525,0.588,0.589,1.74,1.97,1.49,1.13,1.22,0.932,0.849,1,1.11,0.762,0.548,0.768,1.66,2.04,2.25,2.09,1.79,1.59,2.09
Oman,2.36,2.44,2.5,2.56,2.61,2.68,2.78,2.91,3.06,3.25,3.41,3.6,3.87,4.24,4.65,5.02,5.29,5.47,5.56,5.57,5.58,5.54,5.35,5.01,4.6,4.1,3.69,3.53,3.69,4,4.4,4.62,4.38,3.62,2.57,1.46,0.584,0.0933,0.135,0.578,1.18,1.72,2.17,2.46,2.65,2.73,2.92,3.47,4.45,5.59,6.67,7.32,7.35,6.74,5.79,4.85,4.08,3.45,2.97,2.61
Pakistan,2.36,2.43,2.49,2.53,2.57,2.6,2.64,2.66,2.68,2.69,2.7,2.72,2.76,2.82,2.9,2.97,3.04,3.11,3.18,3.25,3.31,3.35,3.36,3.34,3.28,3.23,3.17,3.11,3.03,2.96,2.87,2.79,2.75,2.76,2.8,2.85,2.87,2.85,2.77,2.65,2.52,2.42,2.34,2.31,2.3,2.29,2.28,2.26,2.23,2.2,2.16,2.13,2.1,2.09,2.09,2.09,2.08,2.06,2.02,1.98
Panama,2.97,2.98,2.99,2.98,2.96,2.94,2.91,2.89,2.87,2.86,2.84,2.82,2.79,2.74,2.68,2.62,2.56,2.51,2.46,2.41,2.37,2.33,2.29,2.26,2.23,2.2,2.17,2.15,2.12,2.11,2.09,2.07,2.06,2.05,2.05,2.05,2.04,2.03,2,1.97,1.94,1.91,1.88,1.86,1.84,1.83,1.81,1.79,1.78,1.76,1.74,1.72,1.7,1.7,1.71,1.71,1.71,1.69,1.65,1.6
Peru,2.83,2.86,2.87,2.86,2.84,2.82,2.79,2.78,2.77,2.76,2.76,2.75,2.73,2.71,2.68,2.65,2.62,2.58,2.54,2.51,2.46,2.42,2.38,2.35,2.32,2.29,2.25,2.21,2.15,2.09,2.02,1.95,1.9,1.88,1.86,1.85,1.83,1.76,1.62,1.45,1.27,1.12,0.996,0.916,0.872,0.843,0.819,0.806,0.803,0.813,0.812,0.825,0.901,1.06,1.26,1.48,1.66,1.72,1.62,1.41
Philippines,3.34,3.32,3.28,3.21,3.13,3.04,2.97,2.92,2.89,2.88,2.88,2.87,2.86,2.83,2.8,2.77,2.75,2.73,2.73,2.74,2.74,2.74,2.73,2.72,2.71,2.69,2.67,2.64,2.6,2.54,2.49,2.44,2.39,2.36,2.32,2.29,2.26,2.22,2.19,2.16,2.13,2.1,2.05,1.98,1.89,1.79,1.71,1.66,1.65,1.67,1.69,1.7,1.69,1.65,1.58,1.51,1.45,1.4,1.36,1.35
Palau,2.8,2.78,2.27,2.12,1.95,1.56,1.34,1.15,1.36,1.59,2.08,2.39,2.27,1.56,0.583,-0.49,-1.48,-1.89,-1.44,-0.434,0.842,1.92,2.55,2.67,2.57,2.2,2.05,1.96,2.09,2.41,2.48,2.66,2.65,2.73,2.5,2.54,2.34,2.16,1.96,1.75,1.49,1.29,0.862,0.247,-0.388,-1.22,-1.99,-2.38,-2.26,-1.85,-1.15,-0.639,-0.182,0.125,0.227,0.3,0.512,0.571,0.501,0.504
Papua New Guinea,1.81,1.87,1.93,2,2.08,2.16,2.22,2.28,2.31,2.34,2.36,2.38,2.41,2.44,2.48,2.51,2.54,2.57,2.61,2.64,2.68,2.7,2.7,2.66,2.61,2.55,2.5,2.46,2.42,2.39,2.35,2.32,2.31,2.33,2.37,2.42,2.46,2.45,2.38,2.27,2.15,2.05,2.03,2.08,2.19,2.31,2.4,2.43,2.39,2.29,2.19,2.1,2.04,2.01,2.01,2,1.99,1.97,1.95,1.93
Poland,1.1,1.14,1.32,1.38,0.976,0.748,0.962,0.957,0.782,0.356,0.364,0.827,0.908,0.96,0.994,0.998,0.964,0.794,0.802,0.923,0.908,0.92,0.938,0.905,0.804,0.681,0.564,0.414,0.362,0.392,0.355,0.307,0.254,0.211,0.136,0.0761,0.0655,0.0357,-0.0083,-1.04,-0.0276,-0.0463,-0.0675,-0.0585,-0.044,-0.0634,-0.0543,0.0136,0.0678,-0.286,0.0538,-0.00024,-0.0604,-0.0748,-0.0666,-0.043,0.0125,-0.0002,-0.0244,-0.0387
Puerto Rico,1.75,2.09,2.19,1.96,1.55,1.19,0.785,0.618,0.826,1.25,1.61,1.97,2.16,2.08,1.84,1.65,1.46,1.31,1.23,1.19,1.13,1.07,1.02,0.993,0.976,0.959,0.943,0.927,0.91,0.89,0.707,0.645,0.842,0.929,0.924,1.12,0.929,0.575,0.501,0.277,0.214,0.129,0.0626,0.0205,-0.144,-0.423,-0.586,-0.587,-0.545,-0.506,-1.16,-1.21,-1.15,-1.63,-1.76,-1.93,-2.42,-4.05,0.0106,0.0106
North Korea,2.09,1.75,1.62,1.78,2.14,2.5,2.74,2.89,2.9,2.82,2.73,2.65,2.5,2.27,2,1.71,1.45,1.3,1.28,1.36,1.47,1.55,1.6,1.58,1.53,1.47,1.43,1.41,1.44,1.49,1.55,1.58,1.56,1.46,1.31,1.14,0.998,0.898,0.86,0.866,0.885,0.889,0.866,0.805,0.72,0.628,0.553,0.502,0.485,0.492,0.506,0.514,0.518,0.513,0.502,0.491,0.481,0.47,0.455,0.438
Portugal,0.805,0.722,0.404,0.0555,-0.408,-0.754,-0.634,-0.428,-0.897,-0.886,-0.423,-0.154,0.0309,1.39,3.8,2.84,1.06,1.08,1.07,1.08,0.867,0.611,0.464,0.385,0.274,0.091,-0.027,-0.104,-0.146,-0.218,-0.23,-0.0777,0.122,0.269,0.346,0.376,0.446,0.505,0.566,0.703,0.705,0.548,0.375,0.239,0.186,0.18,0.196,0.144,0.0953,0.0459,-0.147,-0.405,-0.549,-0.539,-0.414,-0.315,-0.244,-0.16,0.0237,0.187
Paraguay,2.62,2.63,2.64,2.65,2.65,2.65,2.66,2.63,2.58,2.51,2.44,2.39,2.37,2.39,2.45,2.5,2.55,2.61,2.68,2.76,2.83,2.89,2.92,2.92,2.9,2.87,2.83,2.79,2.73,2.66,2.59,2.52,2.46,2.4,2.35,2.29,2.23,2.17,2.1,2.03,1.96,1.89,1.81,1.72,1.62,1.52,1.43,1.37,1.35,1.35,1.37,1.37,1.37,1.36,1.34,1.32,1.31,1.29,1.27,1.24
Palestine,,,,,,,,,,,,,,,,,,,,,,,,,,,,,,,4.48,4.48,4.48,4.48,4.48,4.48,4.48,2.56,2.56,2.56,2.56,2.56,2.56,2.56,2.56,2.56,2.56,2.75,2.67,2.6,2.53,2.47,2.4,2.34,2.29,2.25,1.99,2.53,2.51,2.49
French Polynesia,3.31,3.59,3.75,3.71,3.61,3.45,3.33,3.28,3.32,3.38,3.46,3.48,3.49,3.43,3.34,3.25,3.15,3.08,3.05,3.02,2.99,2.95,2.89,2.82,2.73,2.67,2.6,2.47,2.31,2.11,1.89,1.71,1.63,1.67,1.79,1.93,2.02,2.05,1.99,1.87,1.75,1.64,1.49,1.29,1.08,0.857,0.653,0.511,0.45,0.449,0.469,0.482,0.496,0.51,0.516,0.532,0.556,0.565,0.579,0.578
Qatar,8.19,8.99,9.25,9.04,8.6,8.11,7.77,7.7,7.91,8.22,8.65,8.88,8.57,7.74,6.73,5.56,4.83,5.15,6.66,8.61,10.3,11.1,10.9,9.84,8.32,6.99,5.96,4.96,3.99,3.11,2.3,1.64,1.22,1.1,1.25,1.75,2.42,2.99,3.37,3.78,3.73,4.12,6.19,9.98,13.9,16.7,17.5,16.5,14.1,11.5,9.23,7.58,6.2,5.11,4.24,3.4,2.62,2.07,1.8,1.72
Romania,0.803,0.652,0.647,0.643,0.593,0.962,1.65,1.35,1.05,1.2,1.04,0.955,0.857,0.926,1.25,1.2,0.944,0.894,0.631,0.527,0.654,0.547,0.376,0.354,0.408,0.456,0.492,0.47,0.449,0.174,-0.869,-0.903,-0.136,-0.145,-0.202,-0.288,-0.288,-0.207,-0.157,-0.129,-1.4,-1.83,-0.721,-0.57,-0.618,-0.592,-1.48,-1.67,-0.833,-0.594,-0.492,-0.445,-0.371,-0.375,-0.47,-0.574,-0.578,-0.587,-0.527,-0.442
Russia,1.11,1.11,1.11,1.11,1.11,0.569,0.57,0.569,0.569,0.569,0.574,0.573,0.575,0.573,0.574,0.703,0.703,0.703,0.703,0.71,0.667,0.628,0.598,0.757,0.777,0.718,0.697,0.648,0.587,0.168,0.287,0.097,-0.0535,-0.0343,-0.0216,-0.145,-0.165,-0.165,-0.309,-0.421,-0.424,-0.46,-0.454,-0.403,-0.381,-0.327,-0.171,-0.044,0.0301,0.0449,0.078,0.168,0.213,0.218,0.193,0.17,0.107,-0.0131,-0.0496,-0.209
Rwanda,2.12,1.8,1.7,1.88,2.23,2.63,2.94,3.13,3.16,3.08,2.99,2.95,2.95,3,3.1,3.19,3.26,3.33,3.39,3.44,3.36,3.24,3.33,3.66,4.05,4.72,5.09,4.45,2.63,0.163,-2.85,-5.54,-6.77,-5.37,-1.69,2.98,6.55,8.12,7.45,5.6,3.68,2.35,1.53,1.43,1.82,2.27,2.52,2.67,2.68,2.59,2.5,2.46,2.45,2.49,2.54,2.6,2.64,2.64,2.61,2.54
Saudi Arabia,3.19,3.35,3.46,3.5,3.49,3.48,3.52,3.64,3.86,4.14,4.43,4.68,4.87,4.98,5.04,5.04,5.06,5.21,5.52,5.88,6.2,6.36,6.28,5.95,5.48,5.02,4.61,4.23,3.88,3.56,3.27,3,2.74,2.51,2.3,2.1,1.94,1.92,2.06,2.3,2.57,2.8,2.94,2.97,2.91,2.82,2.76,2.76,2.82,2.93,3.04,3.09,3.03,2.84,2.56,2.26,2.01,1.8,1.66,1.58
Sudan,2.94,2.98,3.01,3.05,3.08,3.12,3.15,3.18,3.21,3.23,3.25,3.27,3.31,3.37,3.44,3.51,3.56,3.59,3.58,3.54,3.52,3.5,3.45,3.36,3.26,3.13,3.03,3.04,3.18,3.39,3.63,3.78,3.76,3.54,3.19,2.81,2.52,2.34,2.32,2.41,2.52,2.59,2.6,2.53,2.4,2.28,2.18,2.14,2.16,2.23,2.3,2.36,2.4,2.41,2.41,2.4,2.4,2.39,2.39,2.39
Senegal,2.72,2.74,2.76,2.79,2.83,2.85,2.87,2.89,2.93,2.96,3.01,3.04,3,2.89,2.73,2.55,2.42,2.39,2.46,2.61,2.78,2.91,3,3.04,3.04,3.03,3.03,3.02,3.01,3,3,2.98,2.92,2.81,2.67,2.53,2.42,2.35,2.34,2.37,2.4,2.44,2.48,2.52,2.56,2.6,2.64,2.68,2.71,2.74,2.77,2.79,2.8,2.81,2.81,2.81,2.8,2.78,2.75,2.71
Singapore,3.34,2.77,2.53,2.56,2.43,2.49,2.21,1.72,1.5,1.55,1.83,1.85,1.87,1.66,1.46,1.35,1.39,1.21,1.26,1.27,4.81,4.39,1.3,1.89,0.137,-0.0945,1.5,2.54,2.94,3.89,2.85,3,2.53,3.14,3.04,4.06,3.36,3.4,0.799,1.73,2.7,0.913,-1.47,1.25,2.35,3.13,4.17,5.32,3.02,1.77,2.08,2.45,1.62,1.3,1.19,1.3,0.0886,0.47,1.14,-0.312
Solomon Islands,2.96,2.97,2.99,3,3,3.01,3.02,3.1,3.24,3.43,3.63,3.77,3.84,3.82,3.74,3.66,3.57,3.5,3.44,3.4,3.36,3.31,3.24,3.14,3.04,2.93,2.84,2.79,2.77,2.8,2.82,2.83,2.84,2.84,2.82,2.81,2.8,2.78,2.75,2.72,2.7,2.67,2.63,2.55,2.45,2.35,2.27,2.26,2.32,2.43,2.56,2.65,2.71,2.72,2.7,2.67,2.64,2.61,2.57,2.51
Sierra Leone,1.49,1.54,1.58,1.63,1.67,1.71,1.76,1.8,1.85,1.9,1.94,1.99,2.03,2.06,2.1,2.13,2.17,2.19,2.22,2.24,2.21,2.17,2.23,2.39,2.6,2.88,3.05,2.89,2.33,1.52,0.667,-0.0215,-0.432,-0.444,-0.135,0.202,0.523,1.06,1.83,2.7,3.63,4.36,4.63,4.38,3.82,3.2,2.71,2.38,2.24,2.25,2.27,2.25,2.23,2.21,2.18,2.16,2.15,2.14,2.11,2.07
El Salvador,2.86,2.93,2.96,2.95,2.91,2.85,2.8,2.74,2.7,2.65,2.61,2.55,2.48,2.39,2.3,2.21,2.12,2.01,1.89,1.76,1.63,1.51,1.42,1.37,1.34,1.32,1.29,1.29,1.3,1.33,1.36,1.38,1.36,1.29,1.19,1.08,0.985,0.892,0.809,0.735,0.661,0.591,0.534,0.495,0.469,0.45,0.434,0.424,0.422,0.425,0.431,0.439,0.45,0.463,0.475,0.489,0.502,0.509,0.51,0.505
San Marino,2.53,2.61,2.52,2.56,2.35,2.32,2.15,1.94,1.66,1.28,0.875,0.499,0.364,0.51,0.851,1.29,1.54,1.78,1.71,1.55,1.43,1.29,1.14,1.12,1.09,1.1,1.08,1.07,1.2,1.21,1.36,1.53,1.51,1.5,1.31,1.26,1.17,1.08,1.07,1.17,1.3,1.28,1.36,1.33,1.31,1.25,1.25,1.21,1.28,1.28,1.38,1.41,1.4,1.18,0.994,0.698,0.5,0.335,0.237,0.218
Somalia,2.09,2.11,2.14,2.18,2.22,2.42,2.64,2.6,2.21,1.69,0.803,0.214,0.939,3.37,6.59,9.78,11.5,11.3,9.2,6.38,3.6,1.48,0.16,-0.0587,0.511,1.32,1.85,2.06,1.81,1.28,0.675,0.293,0.28,0.772,1.6,2.52,3.25,3.7,3.8,3.66,3.48,3.37,3.25,3.16,3.08,2.99,2.9,2.82,2.77,2.75,2.72,2.7,2.7,2.72,2.75,2.78,2.8,2.83,2.86,2.87
Serbia,0.709,0.614,0.536,0.489,0.428,0.689,0.568,0.507,0.433,0.388,0.586,0.569,0.537,0.52,0.49,0.709,0.608,0.536,0.478,0.408,0.582,0.472,0.376,0.281,0.2,0.426,0.292,0.185,0.119,0.0659,0.127,0.666,0.689,0.458,-1.42,-0.0992,-0.28,-0.379,-0.362,-0.32,-0.172,-0.0921,-0.213,-0.233,-0.3,-0.393,-0.405,-0.426,-0.401,-0.402,-0.789,-0.485,-0.487,-0.469,-0.495,-0.524,-0.532,-0.546,-0.537,-0.534
South Sudan,1.84,1.9,1.95,2,2.04,2.09,2.14,2.18,2.22,2.27,2.32,2.36,2.41,2.46,2.51,2.51,2.51,2.58,2.75,2.95,3.15,3.24,3.15,2.85,2.41,2.04,1.71,1.2,0.478,-0.345,-1.33,-2.14,-2.28,-1.44,0.131,2.01,3.57,4.52,4.69,4.38,3.93,3.66,3.63,3.93,4.37,4.81,5.03,4.95,4.53,3.93,3.33,2.84,2.36,1.91,1.51,1.08,0.72,0.595,0.782,1.18
Sao Tome and Principe,0.47,-0.184,-0.374,0.0638,0.938,1.97,2.78,3.21,3.14,2.81,2.35,2.06,1.95,2.1,2.42,2.78,3.03,3.07,2.83,2.46,2.04,1.73,1.58,1.73,2.02,2.36,2.6,2.71,2.64,2.46,2.27,2.13,1.98,1.84,1.73,1.6,1.51,1.48,1.52,1.63,1.74,1.84,1.98,2.19,2.4,2.63,2.82,2.86,2.74,2.52,2.27,2.08,1.94,1.88,1.88,1.88,1.88,1.89,1.89,1.89
Suriname,2.76,2.66,2.61,2.63,2.67,2.76,2.78,2.52,1.95,1.19,0.354,-0.359,-0.819,-0.892,-0.674,-0.358,-0.0838,0.127,0.202,0.196,0.17,0.217,0.375,0.671,1.07,1.48,1.83,2.04,2.09,2.02,1.92,1.84,1.74,1.64,1.54,1.43,1.32,1.24,1.2,1.19,1.19,1.18,1.18,1.17,1.16,1.16,1.16,1.16,1.15,1.14,1.14,1.13,1.11,1.09,1.05,1.02,0.99,0.957,0.929,0.903
Slovak Republic,2.99,1.1,1.03,1.05,1,0.926,0.851,0.773,0.771,0.433,0.423,0.856,0.97,1.03,1.05,1.06,1.06,1.02,0.994,0.824,0.726,0.774,0.727,0.687,0.674,0.619,0.557,0.53,0.482,0.44,0.0775,0.0325,0.382,0.394,0.293,0.212,0.185,0.134,0.102,-0.135,-0.183,-0.0364,-0.0658,-0.0204,0.00981,0.0046,0.0292,0.0858,0.133,0.0932,0.129,0.17,0.107,0.097,0.095,0.129,0.155,0.139,0.135,0.0858
Slovenia,0.592,0.595,0.827,0.932,1.04,1.25,1.17,0.885,0.546,0.641,0.776,0.796,0.822,0.533,0.978,1.48,1.21,1.09,1.07,0.989,0.274,0.199,0.626,0.51,0.49,1.24,1.2,0.272,0.0579,0.0906,0.0634,-0.147,-0.238,-0.116,0.0216,-0.0625,-0.134,-0.218,0.0714,0.296,0.158,0.124,0.0603,0.0641,0.173,0.319,0.559,0.158,0.904,0.436,0.208,0.21,0.136,0.0984,0.0752,0.0732,0.0652,0.363,0.696,0.561
Sweden,0.471,0.552,0.564,0.747,0.942,0.952,0.767,0.562,0.703,0.933,0.688,0.295,0.172,0.29,0.397,0.364,0.355,0.291,0.218,0.203,0.12,0.0572,0.0453,0.0909,0.165,0.233,0.334,0.46,0.667,0.773,0.682,0.587,0.581,0.711,0.525,0.159,0.0573,0.0555,0.0779,0.161,0.268,0.325,0.372,0.393,0.4,0.562,0.742,0.779,0.852,0.853,0.755,0.74,0.847,0.992,1.06,1.26,1.35,1.16,1.01,0.723
Eswatini,1.99,1.96,2.01,2.17,2.38,2.61,2.81,2.93,2.96,2.94,2.91,2.9,2.92,2.97,3.05,3.12,3.18,3.24,3.31,3.38,3.43,3.46,3.48,3.49,3.47,3.45,3.4,3.3,3.15,2.95,2.74,2.54,2.36,2.22,2.09,1.99,1.88,1.7,1.44,1.13,0.81,0.536,0.367,0.341,0.417,0.534,0.631,0.697,0.713,0.695,0.673,0.675,0.698,0.75,0.82,0.898,0.966,1.01,1.04,1.04
Sint Maarten (Dutch part),8.26,9.01,9.51,9.28,9.32,9.31,9.11,8.83,8.14,7.57,7.29,6.82,6.58,6.3,6.25,6,6.15,6.2,6.43,6.73,6.88,6.9,7.33,7.97,8.79,9.48,9.64,8.99,7.4,5.47,3.54,2.01,1,0.6,0.689,0.863,0.94,-1.56,-0.501,-1.83,0.265,0.577,2.23,3.18,1.6,1.29,1.1,0.451,0.803,-0.533,-1.84,3.54,5.52,2.9,2.98,2.9,1.5,0.197,0.194,0.194
Seychelles,2.81,2.65,2.54,2.51,2.51,2.49,2.46,2.42,2.38,2.33,2.02,2.41,1.53,1.82,2.31,2.02,2.1,0.587,0.859,0.913,1.22,0.589,-0.121,0.592,0.811,0.623,4.25,0.373,0.597,0.49,1.33,0.459,2.08,2.67,1.47,1.47,1.17,1.96,1.96,0.893,0.0875,3.06,-1.13,-0.37,0.463,2.08,0.511,2.24,0.393,2.79,-2.63,0.981,1.85,1.56,2.23,1.34,1.22,0.954,0.888,0.854
Syria,3.19,3.2,3.21,3.24,3.27,3.3,3.32,3.34,3.37,3.39,3.41,3.43,3.44,3.43,3.41,3.38,3.36,3.36,3.41,3.48,3.54,3.58,3.57,3.5,3.4,3.29,3.19,3.1,3.04,2.98,2.92,2.86,2.82,2.8,2.79,2.81,2.81,2.76,2.62,2.45,2.14,1.88,1.92,2.34,2.95,3.73,4.21,3.88,2.59,0.736,-1.32,-3.1,-4.3,-4.53,-3.89,-3,-2.14,-0.885,0.735,2.49
Turks and Caicos Islands,0.718,0.289,-0.238,-0.324,-0.634,-0.535,-0.294,-0.347,0.33,1.24,2.3,3.02,3.57,3.54,3.3,2.71,2.43,2.57,3.03,3.7,4.33,4.87,4.98,4.93,4.28,3.85,3.34,3.43,4.06,4.78,5.62,6.23,6.3,5.84,5.2,4.28,3.69,3.7,4.51,5.62,6.74,7.38,7.38,6.58,5.36,4.21,3.31,2.65,2.32,2.24,2.16,2.06,1.94,1.82,1.7,1.6,1.51,1.47,1.39,1.36
Chad,1.94,1.97,1.98,1.96,1.92,1.87,1.84,1.86,1.95,2.09,2.24,2.36,2.4,2.33,2.19,2.05,1.95,1.91,1.95,2.05,2.16,2.26,2.39,2.56,2.74,2.94,3.11,3.21,3.24,3.23,3.2,3.19,3.21,3.25,3.32,3.38,3.42,3.49,3.58,3.68,3.79,3.86,3.86,3.78,3.65,3.51,3.39,3.32,3.31,3.33,3.36,3.37,3.35,3.3,3.22,3.14,3.08,3.02,2.99,2.96
Togo,1.07,0.949,1.17,1.84,2.76,3.76,4.49,4.75,4.48,3.89,3.26,2.79,2.45,2.29,2.26,2.21,2.17,2.27,2.54,2.91,3.31,3.61,3.75,3.69,3.51,3.33,3.18,3,2.79,2.57,2.32,2.12,2.09,2.25,2.53,2.86,3.1,3.21,3.14,2.97,2.77,2.62,2.54,2.54,2.6,2.66,2.7,2.72,2.71,2.7,2.68,2.66,2.64,2.6,2.56,2.52,2.48,2.45,2.42,2.4
Thailand,2.97,2.99,3,3.01,3,2.99,2.97,2.95,2.93,2.91,2.88,2.84,2.78,2.68,2.57,2.45,2.34,2.24,2.15,2.07,1.99,1.91,1.85,1.82,1.81,1.82,1.81,1.74,1.59,1.4,1.19,1.01,0.907,0.917,1,1.11,1.18,1.21,1.15,1.04,0.927,0.831,0.748,0.688,0.645,0.604,0.56,0.526,0.504,0.49,0.48,0.469,0.454,0.431,0.402,0.373,0.345,0.315,0.284,0.25
Tajikistan,3.4,3.52,3.59,3.57,3.5,3.42,3.35,3.28,3.2,3.11,3.04,2.96,2.91,2.86,2.84,2.81,2.8,2.8,2.83,2.88,2.91,2.93,2.97,3.05,3.14,3.24,3.29,3.19,2.93,2.57,2.19,1.87,1.64,1.52,1.5,1.49,1.48,1.49,1.52,1.57,1.63,1.7,1.77,1.83,1.89,1.94,2,2.06,2.12,2.18,2.23,2.28,2.32,2.37,2.41,2.45,2.47,2.45,2.39,2.3
Turkmenistan,3.38,3.38,3.35,3.28,3.2,3.1,3.01,2.94,2.9,2.88,2.86,2.84,2.81,2.77,2.73,2.69,2.66,2.62,2.56,2.5,2.44,2.39,2.37,2.39,2.43,2.45,2.46,2.51,2.6,2.7,2.82,2.88,2.81,2.57,2.23,1.87,1.57,1.33,1.19,1.11,1.06,1,0.987,1.02,1.08,1.16,1.24,1.34,1.45,1.57,1.69,1.8,1.85,1.85,1.79,1.73,1.67,1.61,1.55,1.49
Timor-Leste,1.74,1.79,1.83,1.86,1.87,1.84,1.79,1.82,1.95,2.11,2.37,2.52,2.32,1.66,0.744,-0.314,-1.19,-1.59,-1.27,-0.409,0.653,1.54,2.17,2.39,2.34,2.21,2.17,2.21,2.38,2.62,2.9,3.07,2.98,2.56,1.97,1.3,0.758,0.538,0.76,1.28,1.89,2.36,2.61,2.58,2.36,2.12,1.94,1.82,1.77,1.77,1.78,1.77,1.77,1.81,1.85,1.9,1.95,1.97,1.96,1.94
Tonga,3.43,3.87,4.06,3.94,3.57,3.21,2.9,2.55,2.18,1.77,1.35,0.972,0.728,0.717,0.838,1.02,1.15,1.19,1.02,0.75,0.482,0.236,0.107,0.0608,0.11,0.197,0.252,0.29,0.27,0.233,0.183,0.163,0.165,0.191,0.243,0.307,0.367,0.429,0.451,0.498,0.529,0.548,0.572,0.624,0.69,0.796,0.845,0.784,0.495,0.0808,-0.408,-0.797,-0.947,-0.735,-0.241,0.36,0.846,1.17,1.25,1.14
Trinidad and Tobago,1.97,1.68,1.41,1.19,1.01,0.817,0.652,0.599,0.684,0.868,1.09,1.29,1.42,1.46,1.44,1.39,1.37,1.37,1.42,1.5,1.58,1.62,1.6,1.48,1.31,1.11,0.938,0.802,0.721,0.679,0.652,0.615,0.558,0.475,0.373,0.267,0.182,0.148,0.176,0.255,0.352,0.438,0.496,0.509,0.493,0.466,0.452,0.457,0.491,0.545,0.603,0.644,0.659,0.635,0.585,0.526,0.471,0.417,0.368,0.324
Tunisia,1.42,1.58,1.72,1.83,1.93,2.03,2.12,2.18,2.21,2.2,2.2,2.2,2.21,2.22,2.25,2.26,2.28,2.34,2.45,2.6,2.74,2.85,2.88,2.81,2.69,2.54,2.4,2.31,2.26,2.24,2.22,2.18,2.09,1.94,1.74,1.54,1.37,1.21,1.08,0.981,0.878,0.787,0.747,0.771,0.84,0.93,1.01,1.06,1.06,1.04,0.998,0.974,0.972,1,1.05,1.1,1.14,1.15,1.11,1.05
Turkey,2.43,2.41,2.39,2.39,2.38,2.38,2.37,2.37,2.37,2.38,2.39,2.4,2.39,2.37,2.34,2.3,2.26,2.24,2.24,2.26,2.28,2.28,2.25,2.19,2.1,2,1.92,1.85,1.79,1.74,1.69,1.64,1.61,1.59,1.59,1.59,1.58,1.57,1.55,1.52,1.49,1.47,1.44,1.38,1.32,1.25,1.19,1.2,1.27,1.4,1.53,1.63,1.69,1.7,1.67,1.64,1.6,1.5,1.31,1.08
Tuvalu,0.169,0.187,0.0187,0.243,0.633,0.869,1.37,1.58,1.3,1.21,0.521,0.277,0.569,1.43,2.69,4.12,5.11,5.39,4.72,3.66,2.51,1.6,1.13,0.854,1.24,1.57,1.66,1.82,1.72,1.39,1.16,1.06,0.918,0.705,0.42,0.204,0.118,0.0429,0.129,0.512,0.912,1.21,1.36,1.5,1.27,1.2,0.993,0.935,0.946,1.03,0.993,1.1,0.973,1.14,1.14,1.19,1.18,1.22,1.3,1.17
Tanzania,2.89,2.91,2.93,2.94,2.96,2.97,2.98,3.01,3.06,3.11,3.17,3.22,3.23,3.21,3.17,3.13,3.09,3.07,3.07,3.08,3.09,3.1,3.1,3.08,3.06,3.02,2.98,3,3.08,3.19,3.33,3.41,3.38,3.2,2.93,2.65,2.43,2.32,2.35,2.47,2.61,2.72,2.8,2.83,2.82,2.82,2.82,2.84,2.87,2.91,2.95,2.98,2.99,3,3,3,2.99,2.98,2.96,2.94
Uganda,3.15,3.27,3.35,3.39,3.4,3.41,3.41,3.34,3.19,3,2.79,2.63,2.55,2.58,2.68,2.81,2.91,2.98,3.02,3.03,3.03,3.05,3.1,3.2,3.33,3.45,3.54,3.57,3.54,3.47,3.39,3.33,3.26,3.17,3.08,2.99,2.92,2.89,2.92,2.99,3.08,3.14,3.18,3.18,3.17,3.15,3.15,3.16,3.17,3.19,3.18,3.18,3.23,3.35,3.5,3.66,3.76,3.73,3.54,3.27
Ukraine,1.26,1.26,1.22,1.14,1.04,0.925,0.825,0.754,0.725,0.724,0.732,0.731,0.715,0.677,0.623,0.567,0.517,0.478,0.453,0.437,0.509,0.324,0.357,0.375,0.321,0.353,0.383,0.444,0.488,0.228,0.21,0.288,0.0552,-0.495,-0.79,-0.887,-0.911,-0.894,-0.943,-1.01,-1.05,-0.95,-0.811,-0.759,-0.733,-0.676,-0.597,-0.541,-0.444,-0.397,-0.36,-0.247,-0.228,-0.479,-0.261,-0.331,-0.386,-0.466,-0.531,-0.568
Uruguay,1.29,1.24,1.19,1.14,1.09,1.05,0.995,0.893,0.728,0.527,0.301,0.113,0.0232,0.0702,0.215,0.395,0.547,0.655,0.692,0.678,0.658,0.653,0.648,0.644,0.642,0.633,0.623,0.625,0.646,0.677,0.707,0.725,0.735,0.734,0.72,0.714,0.699,0.637,0.514,0.354,0.173,0.0173,-0.0717,-0.0655,0.00942,0.108,0.191,0.254,0.283,0.286,0.287,0.298,0.309,0.324,0.34,0.355,0.365,0.367,0.36,0.346
United States,1.66,1.54,1.44,1.39,1.25,1.15,1.09,0.998,0.977,1.17,1.26,1.07,0.954,0.914,0.986,0.95,1.01,1.06,1.1,0.96,0.981,0.953,0.914,0.866,0.886,0.924,0.894,0.908,0.944,1.13,1.34,1.39,1.32,1.23,1.19,1.16,1.2,1.17,1.15,1.11,0.99,0.928,0.859,0.925,0.922,0.964,0.951,0.946,0.877,0.83,0.727,0.734,0.693,0.733,0.736,0.725,0.633,0.526,0.455,0.351
Uzbekistan,3.31,3.35,3.4,3.48,3.56,3.65,3.7,3.65,3.48,3.24,2.99,2.78,2.65,2.63,2.68,2.74,2.78,2.78,2.75,2.69,2.63,2.57,2.54,2.51,2.5,2.48,2.46,2.43,2.41,2.93,2.13,2.34,2.27,1.96,1.81,1.91,1.89,1.61,1.08,1.38,1.27,1.22,1.16,1.15,1.16,1.22,1.42,1.61,1.69,2.82,2.68,1.47,1.56,1.69,1.74,1.74,1.68,1.74,1.88,1.92
St. Vincent and the Grenadines,1.47,1.3,1.15,1.08,1.04,1.04,0.998,1,1.01,1.04,1.09,1.11,1.13,1.13,1.1,1.07,1.04,0.998,0.969,0.916,0.864,0.801,0.76,0.717,0.698,0.681,0.652,0.591,0.504,0.39,0.263,0.157,0.088,0.0213,-0.0148,-0.0556,-0.0815,-0.0816,-0.0408,0.0223,0.0983,0.187,0.21,0.183,0.0893,-0.0138,-0.0792,-0.106,-0.0997,-0.0305,0.0508,0.111,0.174,0.224,0.245,0.304,0.327,0.349,0.347,0.32
Venezuela,3.59,3.53,3.48,3.44,3.39,3.35,3.31,3.25,3.18,3.1,3.02,2.95,2.9,2.88,2.87,2.86,2.85,2.83,2.79,2.75,2.7,2.66,2.62,2.6,2.59,2.58,2.56,2.52,2.47,2.4,2.33,2.27,2.21,2.15,2.1,2.05,2,1.95,1.92,1.89,1.86,1.83,1.78,1.73,1.66,1.57,1.47,1.41,1.42,1.45,1.56,1.62,1.42,0.876,0.129,-0.769,-1.51,-1.77,-1.29,-0.281
British Virgin Islands,1.37,1.88,1.79,2.05,2.2,2.08,2.09,2.3,2.04,2.15,1.83,1.96,1.76,1.53,1.37,1.15,0.938,1.07,1.66,2.16,3.01,3.56,4.04,4.31,4.65,4.86,4.96,4.85,4.31,3.62,2.92,2.39,1.83,1.51,1.25,1.04,0.776,0.811,1.03,1.42,1.77,2.17,2.55,2.98,3.42,3.89,4.19,4.09,3.54,2.78,1.89,1.15,0.682,0.467,0.561,0.708,0.72,0.768,0.796,0.677
Virgin Islands (U.S.),5.39,2.02,12.9,2.48,6.41,6.02,6.09,12.6,7.94,5.13,11.1,7.31,9.73,6.69,4.93,1.76,-3.13,2.88,0.264,3.53,0.218,0.215,0.279,0.251,0.159,0.0814,0.0585,0.0505,0.0881,2.85,0.809,0.86,0.816,0.692,0.465,0.257,0.242,0.166,0.0571,0.0396,-0.0856,-0.0369,-0.00369,-0.036,-0.012,-0.0775,-0.0295,0.0554,0.00646,-0.0434,-0.0619,-0.0942,-0.136,-0.147,-0.158,-0.182,-0.219,-0.261,-0.311,-0.356
Vietnam,3,2.98,2.95,2.92,2.89,2.86,2.82,2.76,2.67,2.56,2.46,2.36,2.29,2.24,2.2,2.17,2.14,2.14,2.16,2.21,2.26,2.3,2.32,2.32,2.3,2.27,2.24,2.2,2.17,2.14,2.11,2.06,1.98,1.85,1.7,1.53,1.39,1.27,1.17,1.1,1.04,0.976,0.937,0.921,0.923,0.932,0.943,0.96,0.979,1,1.02,1.04,1.05,1.05,1.04,1.03,1.02,0.994,0.954,0.905
Vanuatu,3.11,3.14,3.12,3.06,2.94,2.82,2.73,2.7,2.77,2.92,3.04,3.12,3.19,3.17,3.14,3.09,3.06,2.96,2.84,2.68,2.52,2.38,2.29,2.26,2.28,2.28,2.29,2.36,2.47,2.61,2.79,2.91,2.9,2.71,2.43,2.09,1.84,1.74,1.82,2.02,2.27,2.46,2.56,2.56,2.5,2.41,2.34,2.36,2.44,2.56,2.69,2.78,2.82,2.79,2.71,2.62,2.54,2.48,2.43,2.39
Samoa,3.16,3.21,3.22,3.12,2.96,2.81,2.65,2.43,2.17,1.87,1.57,1.29,1.06,0.891,0.771,0.664,0.56,0.5,0.488,0.504,0.569,0.609,0.621,0.566,0.471,0.348,0.255,0.253,0.35,0.531,0.736,0.904,0.978,0.936,0.804,0.654,0.524,0.449,0.443,0.487,0.537,0.578,0.605,0.627,0.628,0.639,0.645,0.671,0.698,0.751,0.817,0.86,0.855,0.788,0.669,0.531,0.42,0.393,0.491,0.666
Yemen,1.45,1.48,1.51,1.52,1.52,1.53,1.56,1.58,1.57,1.57,1.55,1.58,1.71,1.97,2.31,2.67,2.98,3.23,3.39,3.49,3.59,3.69,3.77,3.8,3.82,3.78,3.76,3.88,4.18,4.55,4.93,5.16,5.12,4.75,4.22,3.66,3.22,2.93,2.82,2.84,2.88,2.89,2.89,2.88,2.86,2.84,2.83,2.82,2.81,2.8,2.78,2.76,2.72,2.65,2.58,2.5,2.42,2.36,2.3,2.25
South Africa,2.45,2.49,2.51,2.54,2.55,2.56,2.57,2.59,2.61,2.63,2.66,2.68,2.68,2.64,2.58,2.52,2.46,2.45,2.5,2.59,2.68,2.75,2.76,2.7,2.6,2.47,2.37,2.31,2.33,2.39,2.47,2.5,2.45,2.32,2.13,1.92,1.75,1.6,1.49,1.41,1.33,1.26,1.22,1.22,1.24,1.26,1.29,1.33,1.39,1.46,1.52,1.58,1.6,1.58,1.53,1.47,1.42,1.36,1.32,1.27
Zambia,3,3,3,3.02,3.05,3.07,3.1,3.14,3.19,3.24,3.3,3.35,3.38,3.39,3.39,3.37,3.36,3.36,3.38,3.4,3.42,3.42,3.39,3.33,3.25,3.18,3.11,3.01,2.88,2.73,2.58,2.45,2.4,2.43,2.53,2.64,2.72,2.76,2.74,2.68,2.62,2.58,2.56,2.58,2.61,2.64,2.67,2.73,2.81,2.91,3.02,3.1,3.14,3.12,3.07,3,2.95,2.91,2.89,2.89
Zimbabwe,3.34,3.38,3.4,3.39,3.37,3.35,3.33,3.33,3.37,3.42,3.49,3.53,3.53,3.47,3.37,3.26,3.18,3.18,3.27,3.41,3.54,3.62,3.66,3.66,3.62,3.57,3.49,3.32,3.05,2.71,2.35,2.03,1.75,1.51,1.31,1.14,0.966,0.802,0.642,0.496,0.356,0.255,0.233,0.314,0.471,0.65,0.823,1,1.18,1.35,1.54,1.7,1.78,1.75,1.66,1.55,1.46,1.41,1.42,1.47
