country,1960,1961,1962,1963,1964,1965,1966,1967,1968,1969,1970,1971,1972,1973,1974,1975,1976,1977,1978,1979,1980,1981,1982,1983,1984,1985,1986,1987,1988,1989,1990,1991,1992,1993,1994,1995,1996,1997,1998,1999,2000,2001,2002,2003,2004,2005,2006,2007,2008,2009,2010,2011,2012,2013,2014,2015,2016,2017
Aruba,180,180,180,180,180,180,180,180,180,180,180,180,180,180,180,180,180,180,180,180,180,180,180,180,180,180,180,180,180,180,180,180,180,180,180,180,180,180,180,180,180,180,180,180,180,180,180,180,180,180,180,180,180,180,180,180,180,180
Afghanistan,653k,653k,653k,653k,653k,653k,653k,653k,653k,653k,653k,653k,653k,653k,653k,653k,653k,653k,653k,653k,653k,653k,653k,653k,653k,653k,653k,653k,653k,653k,653k,653k,653k,653k,653k,653k,653k,653k,653k,653k,653k,653k,653k,653k,653k,653k,653k,653k,653k,653k,653k,653k,653k,653k,653k,653k,653k,653k
Angola,1.25M,1.25M,1.25M,1.25M,1.25M,1.25M,1.25M,1.25M,1.25M,1.25M,1.25M,1.25M,1.25M,1.25M,1.25M,1.25M,1.25M,1.25M,1.25M,1.25M,1.25M,1.25M,1.25M,1.25M,1.25M,1.25M,1.25M,1.25M,1.25M,1.25M,1.25M,1.25M,1.25M,1.25M,1.25M,1.25M,1.25M,1.25M,1.25M,1.25M,1.25M,1.25M,1.25M,1.25M,1.25M,1.25M,1.25M,1.25M,1.25M,1.25M,1.25M,1.25M,1.25M,1.25M,1.25M,1.25M,1.25M,1.25M
Albania,28.8k,28.8k,28.8k,28.8k,28.8k,28.8k,28.8k,28.8k,28.8k,28.8k,28.8k,28.8k,28.8k,28.8k,28.8k,28.8k,28.8k,28.8k,28.8k,28.8k,28.8k,28.8k,28.8k,28.8k,28.8k,28.8k,28.8k,28.8k,28.8k,28.8k,28.8k,28.8k,28.8k,28.8k,28.8k,28.8k,28.8k,28.8k,28.8k,28.8k,28.8k,28.8k,28.8k,28.8k,28.8k,28.8k,28.8k,28.8k,28.8k,28.8k,28.8k,28.8k,28.8k,28.8k,28.8k,28.8k,28.8k,28.8k
Andorra,470,470,470,470,470,470,470,470,470,470,470,470,470,470,470,470,470,470,470,470,470,470,470,470,470,470,470,470,470,470,470,470,470,470,470,470,470,470,470,470,470,470,470,470,470,470,470,470,470,470,470,470,470,470,470,470,470,470
United Arab Emirates,98.6k,98.6k,98.6k,98.6k,98.6k,98.6k,98.6k,98.6k,98.6k,98.6k,98.6k,98.6k,98.6k,98.6k,98.6k,98.6k,98.6k,98.6k,98.6k,98.6k,98.6k,98.6k,98.6k,98.6k,98.6k,98.6k,98.6k,98.6k,98.6k,98.6k,98.6k,98.6k,98.6k,98.6k,98.6k,98.6k,98.6k,98.6k,98.6k,98.6k,98.6k,98.6k,98.6k,98.6k,98.6k,98.6k,98.6k,98.6k,98.6k,98.6k,98.6k,98.6k,98.6k,98.6k,98.6k,98.6k,98.6k,98.6k
Argentina,2.78M,2.78M,2.78M,2.78M,2.78M,2.78M,2.78M,2.78M,2.78M,2.78M,2.78M,2.78M,2.78M,2.78M,2.78M,2.78M,2.78M,2.78M,2.78M,2.78M,2.78M,2.78M,2.78M,2.78M,2.78M,2.78M,2.78M,2.78M,2.78M,2.78M,2.78M,2.78M,2.78M,2.78M,2.78M,2.78M,2.78M,2.78M,2.78M,2.78M,2.78M,2.78M,2.78M,2.78M,2.78M,2.78M,2.78M,2.78M,2.78M,2.78M,2.78M,2.78M,2.78M,2.78M,2.78M,2.78M,2.78M,2.78M
Armenia,29.7k,29.7k,29.7k,29.7k,29.7k,29.7k,29.7k,29.7k,29.7k,29.7k,29.7k,29.7k,29.7k,29.7k,29.7k,29.7k,29.7k,29.7k,29.7k,29.7k,29.7k,29.7k,29.7k,29.7k,29.7k,29.7k,29.7k,29.7k,29.7k,29.7k,29.7k,29.7k,29.7k,29.7k,29.7k,29.7k,29.7k,29.7k,29.7k,29.7k,29.7k,29.7k,29.7k,29.7k,29.7k,29.7k,29.7k,29.7k,29.7k,29.7k,29.7k,29.7k,29.7k,29.7k,29.7k,29.7k,29.7k,29.7k
American Samoa,200,200,200,200,200,200,200,200,200,200,200,200,200,200,200,200,200,200,200,200,200,200,200,200,200,200,200,200,200,200,200,200,200,200,200,200,200,200,200,200,200,200,200,200,200,200,200,200,200,200,200,200,200,200,200,200,200,200
Antigua and Barbuda,440,440,440,440,440,440,440,440,440,440,440,440,440,440,440,440,440,440,440,440,440,440,440,440,440,440,440,440,440,440,440,440,440,440,440,440,440,440,440,440,440,440,440,440,440,440,440,440,440,440,440,440,440,440,440,440,440,440
Australia,7.74M,7.74M,7.74M,7.74M,7.74M,7.74M,7.74M,7.74M,7.74M,7.74M,7.74M,7.74M,7.74M,7.74M,7.74M,7.74M,7.74M,7.74M,7.74M,7.74M,7.74M,7.74M,7.74M,7.74M,7.74M,7.74M,7.74M,7.74M,7.74M,7.74M,7.74M,7.74M,7.74M,7.74M,7.74M,7.74M,7.74M,7.74M,7.74M,7.74M,7.74M,7.74M,7.74M,7.74M,7.74M,7.74M,7.74M,7.74M,7.74M,7.74M,7.74M,7.74M,7.74M,7.74M,7.74M,7.74M,7.74M,7.74M
Austria,83.9k,83.9k,83.9k,83.9k,83.9k,83.9k,83.9k,83.9k,83.9k,83.9k,83.9k,83.9k,83.9k,83.9k,83.9k,83.9k,83.9k,83.9k,83.9k,83.9k,83.9k,83.9k,83.9k,83.9k,83.9k,83.9k,83.9k,83.9k,83.9k,83.9k,83.9k,83.9k,83.9k,83.9k,83.9k,83.9k,83.9k,83.9k,83.9k,83.9k,83.9k,83.9k,83.9k,83.9k,83.9k,83.9k,83.9k,83.9k,83.9k,83.9k,83.9k,83.9k,83.9k,83.9k,83.9k,83.9k,83.9k,83.9k
Azerbaijan,86.6k,86.6k,86.6k,86.6k,86.6k,86.6k,86.6k,86.6k,86.6k,86.6k,86.6k,86.6k,86.6k,86.6k,86.6k,86.6k,86.6k,86.6k,86.6k,86.6k,86.6k,86.6k,86.6k,86.6k,86.6k,86.6k,86.6k,86.6k,86.6k,86.6k,86.6k,86.6k,86.6k,86.6k,86.6k,86.6k,86.6k,86.6k,86.6k,86.6k,86.6k,86.6k,86.6k,86.6k,86.6k,86.6k,86.6k,86.6k,86.6k,86.6k,86.6k,86.6k,86.6k,86.6k,86.6k,86.6k,86.6k,86.6k
Burundi,27.8k,27.8k,27.8k,27.8k,27.8k,27.8k,27.8k,27.8k,27.8k,27.8k,27.8k,27.8k,27.8k,27.8k,27.8k,27.8k,27.8k,27.8k,27.8k,27.8k,27.8k,27.8k,27.8k,27.8k,27.8k,27.8k,27.8k,27.8k,27.8k,27.8k,27.8k,27.8k,27.8k,27.8k,27.8k,27.8k,27.8k,27.8k,27.8k,27.8k,27.8k,27.8k,27.8k,27.8k,27.8k,27.8k,27.8k,27.8k,27.8k,27.8k,27.8k,27.8k,27.8k,27.8k,27.8k,27.8k,27.8k,27.8k
Belgium,33.1k,33.1k,33.1k,33.1k,33.1k,33.1k,33.1k,33.1k,33.1k,33.1k,33.1k,33.1k,33.1k,33.1k,33.1k,33.1k,33.1k,33.1k,33.1k,33.1k,33.1k,33.1k,33.1k,33.1k,33.1k,33.1k,33.1k,33.1k,33.1k,33.1k,33.1k,33.1k,33.1k,33.1k,33.1k,33.1k,33.1k,33.1k,33.1k,30.5k,30.5k,30.5k,30.5k,30.5k,30.5k,30.5k,30.5k,30.5k,30.5k,30.5k,30.5k,30.5k,30.5k,30.5k,30.5k,30.5k,30.5k,30.5k
Benin,115k,115k,115k,115k,115k,115k,115k,115k,115k,115k,115k,115k,115k,115k,115k,115k,115k,115k,115k,115k,115k,115k,115k,115k,115k,115k,115k,115k,115k,115k,115k,115k,115k,115k,115k,115k,115k,115k,115k,115k,115k,115k,115k,115k,115k,115k,115k,115k,115k,115k,115k,115k,115k,115k,115k,115k,115k,115k
Burkina Faso,274k,274k,274k,274k,274k,274k,274k,274k,274k,274k,274k,274k,274k,274k,274k,274k,274k,274k,274k,274k,274k,274k,274k,274k,274k,274k,274k,274k,274k,274k,274k,274k,274k,274k,274k,274k,274k,274k,274k,274k,274k,274k,274k,274k,274k,274k,274k,274k,274k,274k,274k,274k,274k,274k,274k,274k,274k,274k
Bangladesh,148k,148k,148k,148k,148k,148k,148k,148k,148k,148k,148k,148k,148k,148k,148k,148k,148k,148k,148k,148k,148k,148k,148k,148k,148k,148k,148k,148k,148k,148k,148k,148k,148k,148k,148k,148k,148k,148k,148k,148k,148k,148k,148k,148k,148k,148k,148k,148k,148k,148k,148k,148k,148k,148k,148k,148k,148k,148k
Bulgaria,111k,111k,111k,111k,111k,111k,111k,111k,111k,111k,111k,111k,111k,111k,111k,111k,111k,111k,111k,111k,111k,111k,111k,111k,111k,111k,111k,111k,111k,111k,111k,111k,111k,111k,111k,111k,111k,111k,111k,111k,111k,111k,111k,111k,111k,111k,111k,111k,111k,111k,111k,111k,111k,111k,111k,111k,111k,111k
Bahrain,690,690,690,690,690,690,690,690,690,690,690,690,690,690,690,690,690,690,690,690,690,690,690,690,690,690,690,690,690,690,690,710,710,710,710,710,710,710,710,710,710,710,720,730,740,740,750,760,760,762,767,770,770,771,778,779,780,780
Bahamas,13.9k,13.9k,13.9k,13.9k,13.9k,13.9k,13.9k,13.9k,13.9k,13.9k,13.9k,13.9k,13.9k,13.9k,13.9k,13.9k,13.9k,13.9k,13.9k,13.9k,13.9k,13.9k,13.9k,13.9k,13.9k,13.9k,13.9k,13.9k,13.9k,13.9k,13.9k,13.9k,13.9k,13.9k,13.9k,13.9k,13.9k,13.9k,13.9k,13.9k,13.9k,13.9k,13.9k,13.9k,13.9k,13.9k,13.9k,13.9k,13.9k,13.9k,13.9k,13.9k,13.9k,13.9k,13.9k,13.9k,13.9k,13.9k
Bosnia and Herzegovina,51.2k,51.2k,51.2k,51.2k,51.2k,51.2k,51.2k,51.2k,51.2k,51.2k,51.2k,51.2k,51.2k,51.2k,51.2k,51.2k,51.2k,51.2k,51.2k,51.2k,51.2k,51.2k,51.2k,51.2k,51.2k,51.2k,51.2k,51.2k,51.2k,51.2k,51.2k,51.2k,51.2k,51.2k,51.2k,51.2k,51.2k,51.2k,51.2k,51.2k,51.2k,51.2k,51.2k,51.2k,51.2k,51.2k,51.2k,51.2k,51.2k,51.2k,51.2k,51.2k,51.2k,51.2k,51.2k,51.2k,51.2k,51.2k
Belarus,208k,208k,208k,208k,208k,208k,208k,208k,208k,208k,208k,208k,208k,208k,208k,208k,208k,208k,208k,208k,208k,208k,208k,208k,208k,208k,208k,208k,208k,208k,208k,208k,208k,208k,208k,208k,208k,208k,208k,208k,208k,208k,208k,208k,208k,208k,208k,208k,208k,208k,208k,208k,208k,208k,208k,208k,208k,208k
Belize,23k,23k,23k,23k,23k,23k,23k,23k,23k,23k,23k,23k,23k,23k,23k,23k,23k,23k,23k,23k,23k,23k,23k,23k,23k,23k,23k,23k,23k,23k,23k,23k,23k,23k,23k,23k,23k,23k,23k,23k,23k,23k,23k,23k,23k,23k,23k,23k,23k,23k,23k,23k,23k,23k,23k,23k,23k,23k
Bermuda,54,54,54,54,54,54,54,54,54,54,54,54,54,54,54,54,54,54,54,54,54,54,54,54,54,54,54,54,54,54,54,54,54,54,54,54,54,54,54,54,54,54,54,54,54,54,54,54,54,54,54,54,4290,4290,4290,4290,4290,4290
Bolivia,1.1M,1.1M,1.1M,1.1M,1.1M,1.1M,1.1M,1.1M,1.1M,1.1M,1.1M,1.1M,1.1M,1.1M,1.1M,1.1M,1.1M,1.1M,1.1M,1.1M,1.1M,1.1M,1.1M,1.1M,1.1M,1.1M,1.1M,1.1M,1.1M,1.1M,1.1M,1.1M,1.1M,1.1M,1.1M,1.1M,1.1M,1.1M,1.1M,1.1M,1.1M,1.1M,1.1M,1.1M,1.1M,1.1M,1.1M,1.1M,1.1M,1.1M,1.1M,1.1M,1.1M,1.1M,1.1M,1.1M,1.1M,1.1M
Brazil,8.52M,8.52M,8.52M,8.52M,8.52M,8.52M,8.52M,8.52M,8.52M,8.52M,8.52M,8.52M,8.52M,8.52M,8.52M,8.52M,8.52M,8.52M,8.52M,8.52M,8.52M,8.52M,8.52M,8.52M,8.52M,8.52M,8.52M,8.52M,8.52M,8.52M,8.52M,8.52M,8.52M,8.52M,8.52M,8.52M,8.52M,8.52M,8.52M,8.52M,8.52M,8.52M,8.52M,8.52M,8.52M,8.52M,8.52M,8.52M,8.52M,8.52M,8.52M,8.52M,8.52M,8.52M,8.52M,8.52M,8.52M,8.52M
Barbados,430,430,430,430,430,430,430,430,430,430,430,430,430,430,430,430,430,430,430,430,430,430,430,430,430,430,430,430,430,430,430,430,430,430,430,430,430,430,430,430,430,430,430,430,430,430,430,430,430,430,430,430,430,430,430,430,430,430
Brunei,5770,5770,5770,5770,5770,5770,5770,5770,5770,5770,5770,5770,5770,5770,5770,5770,5770,5770,5770,5770,5770,5770,5770,5770,5770,5770,5770,5770,5770,5770,5770,5770,5770,5770,5770,5770,5770,5770,5770,5770,5770,5770,5770,5770,5770,5770,5770,5770,5770,5770,5770,5770,5770,5770,5770,5770,5770,5770
Bhutan,47k,47k,47k,47k,47k,47k,47k,47k,47k,47k,47k,47k,47k,47k,47k,47k,47k,47k,47k,47k,47k,47k,47k,47k,47k,47k,47k,47k,47k,47k,47k,47k,47k,40.1k,40.1k,40.1k,40.1k,40.1k,40.1k,40.1k,40.1k,40.1k,40.1k,38.4k,38.4k,38.4k,38.4k,38.4k,38.4k,38.4k,38.4k,38.4k,38.4k,38.4k,38.4k,38.4k,38.4k,38.4k
Botswana,582k,582k,582k,582k,582k,582k,582k,582k,582k,582k,582k,582k,582k,582k,582k,582k,582k,582k,582k,582k,582k,582k,582k,582k,582k,582k,582k,582k,582k,582k,582k,582k,582k,582k,582k,582k,582k,582k,582k,582k,582k,582k,582k,582k,582k,582k,582k,582k,582k,582k,582k,582k,582k,582k,582k,582k,582k,582k
Central African Republic,623k,623k,623k,623k,623k,623k,623k,623k,623k,623k,623k,623k,623k,623k,623k,623k,623k,623k,623k,623k,623k,623k,623k,623k,623k,623k,623k,623k,623k,623k,623k,623k,623k,623k,623k,623k,623k,623k,623k,623k,623k,623k,623k,623k,623k,623k,623k,623k,623k,623k,623k,623k,623k,623k,623k,623k,623k,623k
Canada,9.88M,9.88M,9.88M,9.88M,9.88M,9.88M,9.88M,9.88M,9.88M,9.88M,9.88M,9.88M,9.88M,9.88M,9.88M,9.88M,9.88M,9.88M,9.88M,9.88M,9.88M,9.88M,9.88M,9.88M,9.88M,9.88M,9.88M,9.88M,9.88M,9.88M,9.88M,9.88M,9.88M,9.88M,9.88M,9.88M,9.88M,9.88M,9.88M,9.88M,9.88M,9.88M,9.88M,9.88M,9.88M,9.88M,9.88M,9.88M,9.88M,9.88M,9.88M,9.88M,9.88M,9.88M,9.88M,9.88M,9.88M,9.88M
Channel Islands,198,198,198,198,198,198,198,198,198,198,198,198,198,198,198,198,198,198,198,198,198,198,198,198,198,198,198,198,198,198,198,198,198,198,198,198,198,198,198,198,198,198,198,198,198,198,198,198,198,198,198,198,198,198,198,198,198,198
Switzerland,41.3k,41.3k,41.3k,41.3k,41.3k,41.3k,41.3k,41.3k,41.3k,41.3k,41.3k,41.3k,41.3k,41.3k,41.3k,41.3k,41.3k,41.3k,41.3k,41.3k,41.3k,41.3k,41.3k,41.3k,41.3k,41.3k,41.3k,41.3k,41.3k,41.3k,41.3k,41.3k,41.3k,41.3k,41.3k,41.3k,41.3k,41.3k,41.3k,41.3k,41.3k,41.3k,41.3k,41.3k,41.3k,41.3k,41.3k,41.3k,41.3k,41.3k,41.3k,41.3k,41.3k,41.3k,41.3k,41.3k,41.3k,41.3k
Chile,756k,756k,756k,756k,756k,756k,756k,756k,756k,756k,756k,756k,756k,756k,756k,756k,756k,756k,756k,756k,756k,756k,756k,756k,756k,756k,756k,756k,756k,756k,756k,756k,756k,756k,756k,756k,756k,756k,756k,756k,756k,756k,756k,756k,756k,756k,756k,756k,756k,756k,756k,756k,756k,756k,756k,757k,757k,757k
China,9.6M,9.6M,9.6M,9.6M,9.6M,9.6M,9.6M,9.6M,9.6M,9.6M,9.6M,9.6M,9.6M,9.6M,9.6M,9.6M,9.6M,9.6M,9.6M,9.6M,9.6M,9.6M,9.6M,9.6M,9.6M,9.6M,9.6M,9.6M,9.6M,9.6M,9.6M,9.6M,9.6M,9.6M,9.6M,9.6M,9.6M,9.6M,9.6M,9.6M,9.6M,9.6M,9.6M,9.6M,9.6M,9.6M,9.6M,9.6M,9.6M,9.6M,9.6M,9.6M,9.6M,9.6M,9.6M,9.6M,9.6M,9.6M
Cote d'Ivoire,322k,322k,322k,322k,322k,322k,322k,322k,322k,322k,322k,322k,322k,322k,322k,322k,322k,322k,322k,322k,322k,322k,322k,322k,322k,322k,322k,322k,322k,322k,322k,322k,322k,322k,322k,322k,322k,322k,322k,322k,322k,322k,322k,322k,322k,322k,322k,322k,322k,322k,322k,322k,322k,322k,322k,322k,322k,322k
Cameroon,475k,475k,475k,475k,475k,475k,475k,475k,475k,475k,475k,475k,475k,475k,475k,475k,475k,475k,475k,475k,475k,475k,475k,475k,475k,475k,475k,475k,475k,475k,475k,475k,475k,475k,475k,475k,475k,475k,475k,475k,475k,475k,475k,475k,475k,475k,475k,475k,475k,475k,475k,475k,475k,475k,475k,475k,475k,475k
Congo Dem. Rep.,2.34M,2.34M,2.34M,2.34M,2.34M,2.34M,2.34M,2.34M,2.34M,2.34M,2.34M,2.34M,2.34M,2.34M,2.34M,2.34M,2.34M,2.34M,2.34M,2.34M,2.34M,2.34M,2.34M,2.34M,2.34M,2.34M,2.34M,2.34M,2.34M,2.34M,2.34M,2.34M,2.34M,2.34M,2.34M,2.34M,2.34M,2.34M,2.34M,2.34M,2.34M,2.34M,2.34M,2.34M,2.34M,2.34M,2.34M,2.34M,2.34M,2.34M,2.34M,2.34M,2.34M,2.34M,2.34M,2.34M,2.34M,2.34M
Congo Rep.,342k,342k,342k,342k,342k,342k,342k,342k,342k,342k,342k,342k,342k,342k,342k,342k,342k,342k,342k,342k,342k,342k,342k,342k,342k,342k,342k,342k,342k,342k,342k,342k,342k,342k,342k,342k,342k,342k,342k,342k,342k,342k,342k,342k,342k,342k,342k,342k,342k,342k,342k,342k,342k,342k,342k,342k,342k,342k
Colombia,1.14M,1.14M,1.14M,1.14M,1.14M,1.14M,1.14M,1.14M,1.14M,1.14M,1.14M,1.14M,1.14M,1.14M,1.14M,1.14M,1.14M,1.14M,1.14M,1.14M,1.14M,1.14M,1.14M,1.14M,1.14M,1.14M,1.14M,1.14M,1.14M,1.14M,1.14M,1.14M,1.14M,1.14M,1.14M,1.14M,1.14M,1.14M,1.14M,1.14M,1.14M,1.14M,1.14M,1.14M,1.14M,1.14M,1.14M,1.14M,1.14M,1.14M,1.14M,1.14M,1.14M,1.14M,1.14M,1.14M,1.14M,1.14M
Comoros,1860,1860,1860,1860,1860,1860,1860,1860,1860,1860,1860,1860,1860,1860,1860,1860,1860,1860,1860,1860,1860,1860,1860,1860,1860,1860,1860,1860,1860,1860,1860,1860,1860,1860,1860,1860,1860,1860,1860,1860,1860,1860,1860,1860,1860,1860,1860,1860,1860,1860,1860,1860,1860,1860,1860,1860,1860,1860
Cape Verde,4030,4030,4030,4030,4030,4030,4030,4030,4030,4030,4030,4030,4030,4030,4030,4030,4030,4030,4030,4030,4030,4030,4030,4030,4030,4030,4030,4030,4030,4030,4030,4030,4030,4030,4030,4030,4030,4030,4030,4030,4030,4030,4030,4030,4030,4030,4030,4030,4030,4030,4030,4030,4030,4030,4030,4030,4030,4030
Costa Rica,51.1k,51.1k,51.1k,51.1k,51.1k,51.1k,51.1k,51.1k,51.1k,51.1k,51.1k,51.1k,51.1k,51.1k,51.1k,51.1k,51.1k,51.1k,51.1k,51.1k,51.1k,51.1k,51.1k,51.1k,51.1k,51.1k,51.1k,51.1k,51.1k,51.1k,51.1k,51.1k,51.1k,51.1k,51.1k,51.1k,51.1k,51.1k,51.1k,51.1k,51.1k,51.1k,51.1k,51.1k,51.1k,51.1k,51.1k,51.1k,51.1k,51.1k,51.1k,51.1k,51.1k,51.1k,51.1k,51.1k,51.1k,51.1k
Cuba,110k,110k,110k,110k,110k,110k,110k,110k,110k,110k,110k,110k,110k,110k,110k,110k,110k,110k,110k,110k,110k,110k,110k,110k,110k,110k,110k,110k,110k,110k,110k,110k,110k,110k,110k,110k,110k,110k,110k,110k,110k,110k,110k,110k,110k,110k,110k,110k,110k,110k,110k,110k,110k,110k,110k,110k,110k,110k
Cayman Islands,264,264,264,264,264,264,264,264,264,264,264,264,264,264,264,264,264,264,264,264,264,264,264,264,264,264,264,264,264,264,264,264,264,264,264,264,264,264,264,264,264,264,264,264,264,264,264,264,264,264,264,264,264,264,264,264,264,264
Cyprus,9250,9250,9250,9250,9250,9250,9250,9250,9250,9250,9250,9250,9250,9250,9250,9250,9250,9250,9250,9250,9250,9250,9250,9250,9250,9250,9250,9250,9250,9250,9250,9250,9250,9250,9250,9250,9250,9250,9250,9250,9250,9250,9250,9250,9250,9250,9250,9250,9250,9250,9250,9250,9250,9250,9250,9250,9250,9250
Czech Republic,78.9k,78.9k,78.9k,78.9k,78.9k,78.9k,78.9k,78.9k,78.9k,78.9k,78.9k,78.9k,78.9k,78.9k,78.9k,78.9k,78.9k,78.9k,78.9k,78.9k,78.9k,78.9k,78.9k,78.9k,78.9k,78.9k,78.9k,78.9k,78.9k,78.9k,78.9k,78.9k,78.9k,78.9k,78.9k,78.9k,78.9k,78.9k,78.9k,78.9k,78.9k,78.9k,78.9k,78.9k,78.9k,78.9k,78.9k,78.9k,78.9k,78.9k,78.9k,78.9k,78.9k,78.9k,78.9k,78.9k,78.9k,78.9k
Germany,357k,357k,357k,357k,357k,357k,357k,357k,357k,357k,357k,357k,357k,357k,357k,357k,357k,357k,357k,357k,357k,357k,357k,357k,357k,357k,357k,357k,357k,357k,357k,357k,357k,357k,357k,357k,357k,357k,357k,357k,357k,357k,357k,357k,357k,357k,357k,357k,357k,357k,357k,357k,357k,357k,357k,358k,358k,358k
Djibouti,23.2k,23.2k,23.2k,23.2k,23.2k,23.2k,23.2k,23.2k,23.2k,23.2k,23.2k,23.2k,23.2k,23.2k,23.2k,23.2k,23.2k,23.2k,23.2k,23.2k,23.2k,23.2k,23.2k,23.2k,23.2k,23.2k,23.2k,23.2k,23.2k,23.2k,23.2k,23.2k,23.2k,23.2k,23.2k,23.2k,23.2k,23.2k,23.2k,23.2k,23.2k,23.2k,23.2k,23.2k,23.2k,23.2k,23.2k,23.2k,23.2k,23.2k,23.2k,23.2k,23.2k,23.2k,23.2k,23.2k,23.2k,23.2k
Dominica,750,750,750,750,750,750,750,750,750,750,750,750,750,750,750,750,750,750,750,750,750,750,750,750,750,750,750,750,750,750,750,750,750,750,750,750,750,750,750,750,750,750,750,750,750,750,750,750,750,750,750,750,750,750,750,750,750,750
Denmark,43.1k,43.1k,43.1k,43.1k,43.1k,43.1k,43.1k,43.1k,43.1k,43.1k,43.1k,43.1k,43.1k,43.1k,43.1k,43.1k,43.1k,43.1k,43.1k,43.1k,43.1k,43.1k,43.1k,43.1k,43.1k,43.1k,43.1k,43.1k,43.1k,43.1k,43.1k,43.1k,43.1k,43.1k,43.1k,43.1k,43.1k,43.1k,43.1k,43.1k,43.1k,43.1k,43.1k,43.1k,43.1k,43.1k,43.1k,43.1k,43.1k,43.1k,43.1k,42.9k,42.9k,42.9k,42.9k,42.9k,42.9k,42.9k
Dominican Republic,48.7k,48.7k,48.7k,48.7k,48.7k,48.7k,48.7k,48.7k,48.7k,48.7k,48.7k,48.7k,48.7k,48.7k,48.7k,48.7k,48.7k,48.7k,48.7k,48.7k,48.7k,48.7k,48.7k,48.7k,48.7k,48.7k,48.7k,48.7k,48.7k,48.7k,48.7k,48.7k,48.7k,48.7k,48.7k,48.7k,48.7k,48.7k,48.7k,48.7k,48.7k,48.7k,48.7k,48.7k,48.7k,48.7k,48.7k,48.7k,48.7k,48.7k,48.7k,48.7k,48.7k,48.7k,48.7k,48.7k,48.7k,48.7k
Algeria,2.38M,2.38M,2.38M,2.38M,2.38M,2.38M,2.38M,2.38M,2.38M,2.38M,2.38M,2.38M,2.38M,2.38M,2.38M,2.38M,2.38M,2.38M,2.38M,2.38M,2.38M,2.38M,2.38M,2.38M,2.38M,2.38M,2.38M,2.38M,2.38M,2.38M,2.38M,2.38M,2.38M,2.38M,2.38M,2.38M,2.38M,2.38M,2.38M,2.38M,2.38M,2.38M,2.38M,2.38M,2.38M,2.38M,2.38M,2.38M,2.38M,2.38M,2.38M,2.38M,2.38M,2.38M,2.38M,2.38M,2.38M,2.38M
Ecuador,284k,284k,284k,284k,284k,284k,284k,284k,284k,284k,284k,284k,284k,284k,284k,284k,284k,284k,284k,284k,284k,284k,284k,284k,284k,284k,284k,284k,284k,284k,284k,284k,284k,284k,284k,284k,284k,256k,256k,256k,256k,256k,256k,256k,256k,256k,256k,256k,256k,256k,256k,256k,256k,256k,256k,256k,256k,256k
Egypt,1M,1M,1M,1M,1M,1M,1M,1M,1M,1M,1M,1M,1M,1M,1M,1M,1M,1M,1M,1M,1M,1M,1M,1M,1M,1M,1M,1M,1M,1M,1M,1M,1M,1M,1M,1M,1M,1M,1M,1M,1M,1M,1M,1M,1M,1M,1M,1M,1M,1M,1M,1M,1M,1M,1M,1M,1M,1M
Eritrea,118k,118k,118k,118k,118k,118k,118k,118k,118k,118k,118k,118k,118k,118k,118k,118k,118k,118k,118k,118k,118k,118k,118k,118k,118k,118k,118k,118k,118k,118k,118k,118k,118k,118k,118k,118k,118k,118k,118k,118k,118k,118k,118k,118k,118k,118k,118k,118k,118k,118k,118k,118k,118k,118k,118k,118k,118k,118k
Spain,506k,506k,506k,506k,506k,506k,506k,506k,506k,506k,506k,506k,506k,506k,506k,506k,506k,506k,506k,506k,506k,506k,506k,506k,506k,506k,506k,506k,506k,506k,506k,506k,506k,506k,506k,506k,506k,506k,506k,505k,505k,505k,505k,505k,505k,505k,505k,505k,505k,506k,506k,506k,506k,506k,506k,506k,506k,506k
Estonia,45.2k,45.2k,45.2k,45.2k,45.2k,45.2k,45.2k,45.2k,45.2k,45.2k,45.2k,45.2k,45.2k,45.2k,45.2k,45.2k,45.2k,45.2k,45.2k,45.2k,45.2k,45.2k,45.2k,45.2k,45.2k,45.2k,45.2k,45.2k,45.2k,45.2k,45.2k,45.2k,45.2k,45.2k,45.2k,45.2k,45.2k,45.2k,45.2k,45.2k,45.2k,45.2k,45.2k,45.2k,45.2k,45.2k,45.2k,45.2k,45.2k,45.2k,45.2k,45.2k,45.3k,45.3k,45.3k,45.3k,45.3k,45.3k
Ethiopia,1.22M,1.22M,1.22M,1.22M,1.22M,1.22M,1.22M,1.22M,1.22M,1.22M,1.22M,1.22M,1.22M,1.22M,1.22M,1.22M,1.22M,1.22M,1.22M,1.22M,1.22M,1.22M,1.22M,1.22M,1.22M,1.22M,1.22M,1.22M,1.22M,1.22M,1.22M,1.22M,1.1M,1.1M,1.1M,1.1M,1.1M,1.1M,1.1M,1.1M,1.1M,1.1M,1.1M,1.14M,1.14M,1.14M,1.14M,1.14M,1.14M,1.14M,1.14M,1.14M,1.14M,1.14M,1.14M,1.14M,1.14M,1.14M
Finland,338k,338k,338k,338k,338k,338k,338k,338k,338k,338k,338k,338k,338k,338k,338k,338k,338k,338k,338k,338k,338k,338k,338k,338k,338k,338k,338k,338k,338k,338k,338k,338k,338k,338k,338k,338k,338k,338k,338k,338k,338k,338k,338k,338k,338k,338k,338k,338k,338k,338k,338k,338k,338k,338k,338k,338k,338k,338k
Fiji,18.3k,18.3k,18.3k,18.3k,18.3k,18.3k,18.3k,18.3k,18.3k,18.3k,18.3k,18.3k,18.3k,18.3k,18.3k,18.3k,18.3k,18.3k,18.3k,18.3k,18.3k,18.3k,18.3k,18.3k,18.3k,18.3k,18.3k,18.3k,18.3k,18.3k,18.3k,18.3k,18.3k,18.3k,18.3k,18.3k,18.3k,18.3k,18.3k,18.3k,18.3k,18.3k,18.3k,18.3k,18.3k,18.3k,18.3k,18.3k,18.3k,18.3k,18.3k,18.3k,18.3k,18.3k,18.3k,18.3k,18.3k,18.3k
France,549k,549k,549k,549k,549k,549k,549k,549k,549k,549k,549k,549k,549k,549k,549k,549k,549k,549k,549k,549k,549k,549k,549k,549k,549k,549k,549k,549k,549k,549k,549k,549k,549k,549k,549k,549k,549k,549k,549k,549k,549k,549k,549k,549k,549k,549k,549k,549k,549k,549k,549k,549k,549k,549k,549k,549k,549k,549k
Faeroe Islands,1400,1400,1400,1400,1400,1400,1400,1400,1400,1400,1400,1400,1400,1400,1400,1400,1400,1400,1400,1400,1400,1400,1400,1400,1400,1400,1400,1400,1400,1400,1400,1400,1400,1400,1400,1400,1400,1400,1400,1400,1400,1400,1400,1400,1400,1400,1400,1400,1400,1400,1400,1400,1400,1400,1400,1400,1400,1400
Micronesia Fed. Sts.,,,,,,,,,,,,,,,,,,,,,,,,,,,,,,,700,700,700,700,700,700,700,700,700,700,700,700,700,700,700,700,700,700,700,700,700,700,700,700,700,700,700,700
Gabon,268k,268k,268k,268k,268k,268k,268k,268k,268k,268k,268k,268k,268k,268k,268k,268k,268k,268k,268k,268k,268k,268k,268k,268k,268k,268k,268k,268k,268k,268k,268k,268k,268k,268k,268k,268k,268k,268k,268k,268k,268k,268k,268k,268k,268k,268k,268k,268k,268k,268k,268k,268k,268k,268k,268k,268k,268k,268k
Isle of Man,570,570,570,570,570,570,570,570,570,570,570,570,570,570,570,570,570,570,570,570,570,570,570,570,570,570,570,570,570,570,570,570,570,570,570,570,570,570,570,570,570,570,570,570,570,570,570,570,570,570,570,570,570,570,570,570,570,570
United Kingdom,244k,244k,244k,244k,244k,244k,244k,244k,244k,244k,244k,244k,244k,244k,244k,244k,244k,244k,244k,244k,244k,244k,244k,244k,244k,244k,244k,244k,244k,244k,244k,244k,244k,244k,244k,244k,244k,244k,244k,244k,244k,244k,244k,244k,244k,244k,244k,244k,244k,244k,244k,244k,244k,244k,244k,244k,244k,244k
Georgia,69.7k,69.7k,69.7k,69.7k,69.7k,69.7k,69.7k,69.7k,69.7k,69.7k,69.7k,69.7k,69.7k,69.7k,69.7k,69.7k,69.7k,69.7k,69.7k,69.7k,69.7k,69.7k,69.7k,69.7k,69.7k,69.7k,69.7k,69.7k,69.7k,69.7k,69.7k,69.7k,69.7k,69.7k,69.7k,69.7k,69.7k,69.7k,69.7k,69.7k,69.7k,69.7k,69.7k,69.7k,69.7k,69.7k,69.7k,69.7k,69.7k,69.7k,69.7k,69.7k,69.7k,69.7k,69.7k,69.7k,69.7k,69.7k
Ghana,239k,239k,239k,239k,239k,239k,239k,239k,239k,239k,239k,239k,239k,239k,239k,239k,239k,239k,239k,239k,239k,239k,239k,239k,239k,239k,239k,239k,239k,239k,239k,239k,239k,239k,239k,239k,239k,239k,239k,239k,239k,239k,239k,239k,239k,239k,239k,239k,239k,239k,239k,239k,239k,239k,239k,239k,239k,239k
Gibraltar,10,10,10,10,10,10,10,10,10,10,10,10,10,10,10,10,10,10,10,10,10,10,10,10,10,10,10,10,10,10,10,10,10,10,10,10,10,10,10,10,10,10,10,10,10,10,10,10,10,10,10,10,10,10,10,10,10,10
Guinea,246k,246k,246k,246k,246k,246k,246k,246k,246k,246k,246k,246k,246k,246k,246k,246k,246k,246k,246k,246k,246k,246k,246k,246k,246k,246k,246k,246k,246k,246k,246k,246k,246k,246k,246k,246k,246k,246k,246k,246k,246k,246k,246k,246k,246k,246k,246k,246k,246k,246k,246k,246k,246k,246k,246k,246k,246k,246k
Gambia,11.3k,11.3k,11.3k,11.3k,11.3k,11.3k,11.3k,11.3k,11.3k,11.3k,11.3k,11.3k,11.3k,11.3k,11.3k,11.3k,11.3k,11.3k,11.3k,11.3k,11.3k,11.3k,11.3k,11.3k,11.3k,11.3k,11.3k,11.3k,11.3k,11.3k,11.3k,11.3k,11.3k,11.3k,11.3k,11.3k,11.3k,11.3k,11.3k,11.3k,11.3k,11.3k,11.3k,11.3k,11.3k,11.3k,11.3k,11.3k,11.3k,11.3k,11.3k,11.3k,11.3k,11.3k,11.3k,11.3k,11.3k,11.3k
Guinea-Bissau,36.1k,36.1k,36.1k,36.1k,36.1k,36.1k,36.1k,36.1k,36.1k,36.1k,36.1k,36.1k,36.1k,36.1k,36.1k,36.1k,36.1k,36.1k,36.1k,36.1k,36.1k,36.1k,36.1k,36.1k,36.1k,36.1k,36.1k,36.1k,36.1k,36.1k,36.1k,36.1k,36.1k,36.1k,36.1k,36.1k,36.1k,36.1k,36.1k,36.1k,36.1k,36.1k,36.1k,36.1k,36.1k,36.1k,36.1k,36.1k,36.1k,36.1k,36.1k,36.1k,36.1k,36.1k,36.1k,36.1k,36.1k,36.1k
Equatorial Guinea,28.1k,28.1k,28.1k,28.1k,28.1k,28.1k,28.1k,28.1k,28.1k,28.1k,28.1k,28.1k,28.1k,28.1k,28.1k,28.1k,28.1k,28.1k,28.1k,28.1k,28.1k,28.1k,28.1k,28.1k,28.1k,28.1k,28.1k,28.1k,28.1k,28.1k,28.1k,28.1k,28.1k,28.1k,28.1k,28.1k,28.1k,28.1k,28.1k,28.1k,28.1k,28.1k,28.1k,28.1k,28.1k,28.1k,28.1k,28.1k,28.1k,28.1k,28.1k,28.1k,28.1k,28.1k,28.1k,28.1k,28.1k,28.1k
Greece,132k,132k,132k,132k,132k,132k,132k,132k,132k,132k,132k,132k,132k,132k,132k,132k,132k,132k,132k,132k,132k,132k,132k,132k,132k,132k,132k,132k,132k,132k,132k,132k,132k,132k,132k,132k,132k,132k,132k,132k,132k,132k,132k,132k,132k,132k,132k,132k,132k,132k,132k,132k,132k,132k,132k,132k,132k,132k
Grenada,340,340,340,340,340,340,340,340,340,340,340,340,340,340,340,340,340,340,340,340,340,340,340,340,340,340,340,340,340,340,340,340,340,340,340,340,340,340,340,340,340,340,340,340,340,340,340,340,340,340,340,340,340,340,340,340,340,340
Greenland,342k,342k,342k,342k,342k,342k,342k,342k,342k,342k,342k,342k,342k,342k,342k,342k,342k,342k,342k,342k,342k,342k,342k,342k,342k,342k,342k,342k,342k,342k,342k,342k,342k,342k,342k,342k,410k,410k,410k,410k,410k,410k,410k,410k,410k,410k,410k,410k,410k,410k,410k,410k,410k,410k,410k,410k,410k,410k
Guatemala,109k,109k,109k,109k,109k,109k,109k,109k,109k,109k,109k,109k,109k,109k,109k,109k,109k,109k,109k,109k,109k,109k,109k,109k,109k,109k,109k,109k,109k,109k,109k,109k,109k,109k,109k,109k,109k,109k,109k,109k,109k,109k,109k,109k,109k,109k,109k,109k,109k,109k,109k,109k,109k,109k,109k,109k,109k,109k
Guam,540,540,540,540,540,540,540,540,540,540,540,540,540,540,540,540,540,540,540,540,540,540,540,540,540,540,540,540,540,540,540,540,540,540,540,540,540,540,540,540,540,540,540,540,540,540,540,540,540,540,540,540,540,540,540,540,540,540
Guyana,215k,215k,215k,215k,215k,215k,215k,215k,215k,215k,215k,215k,215k,215k,215k,215k,215k,215k,215k,215k,215k,215k,215k,215k,215k,215k,215k,215k,215k,215k,215k,215k,215k,215k,215k,215k,215k,215k,215k,215k,215k,215k,215k,215k,215k,215k,215k,215k,215k,215k,215k,215k,215k,215k,215k,215k,215k,215k
Hong Kong China,1070,1070,1070,1070,1070,1070,1070,1070,1070,1070,1070,1070,1070,1070,1070,1070,1070,1070,1070,1070,1070,1070,1070,1070,1070,1070,1070,1070,1070,1070,1070,1070,1070,1070,1080,1090,1090,1090,1090,1100,1100,1100,1100,1100,1100,1100,1100,1100,1100,1100,1100,1100,1100,1110,1110,1110,1110,1110
Honduras,112k,112k,112k,112k,112k,112k,112k,112k,112k,112k,112k,112k,112k,112k,112k,112k,112k,112k,112k,112k,112k,112k,112k,112k,112k,112k,112k,112k,112k,112k,112k,112k,112k,112k,112k,112k,112k,112k,112k,112k,112k,112k,112k,112k,112k,112k,112k,112k,112k,112k,112k,112k,112k,112k,112k,112k,112k,112k
Croatia,56.5k,56.5k,56.5k,56.5k,56.5k,56.5k,56.5k,56.5k,56.5k,56.5k,56.5k,56.5k,56.5k,56.5k,56.5k,56.5k,56.5k,56.5k,56.5k,56.5k,56.5k,56.5k,56.5k,56.5k,56.5k,56.5k,56.5k,56.5k,56.5k,56.5k,56.5k,56.5k,56.5k,56.5k,56.5k,56.6k,56.6k,56.5k,56.5k,56.5k,56.5k,56.5k,56.5k,56.6k,56.6k,56.6k,56.6k,56.6k,56.6k,56.6k,56.6k,88.1k,88.1k,88.1k,88.1k,88.1k,88.1k,88.1k
Haiti,27.8k,27.8k,27.8k,27.8k,27.8k,27.8k,27.8k,27.8k,27.8k,27.8k,27.8k,27.8k,27.8k,27.8k,27.8k,27.8k,27.8k,27.8k,27.8k,27.8k,27.8k,27.8k,27.8k,27.8k,27.8k,27.8k,27.8k,27.8k,27.8k,27.8k,27.8k,27.8k,27.8k,27.8k,27.8k,27.8k,27.8k,27.8k,27.8k,27.8k,27.8k,27.8k,27.8k,27.8k,27.8k,27.8k,27.8k,27.8k,27.8k,27.8k,27.8k,27.8k,27.8k,27.8k,27.8k,27.8k,27.8k,27.8k
Hungary,93k,93k,93k,93k,93k,93k,93k,93k,93k,93k,93k,93k,93k,93k,93k,93k,93k,93k,93k,93k,93k,93k,93k,93k,93k,93k,93k,93k,93k,93k,93k,93k,93k,93k,93k,93k,93k,93k,93k,93k,93k,93k,93k,93k,93k,93k,93k,93k,93k,93k,93k,93k,93k,93k,93k,93k,93k,93k
Indonesia,1.91M,1.91M,1.91M,1.91M,1.91M,1.91M,1.91M,1.91M,1.91M,1.91M,1.91M,1.91M,1.91M,1.91M,1.91M,1.91M,1.91M,1.91M,1.91M,1.91M,1.91M,1.91M,1.91M,1.91M,1.91M,1.91M,1.91M,1.91M,1.91M,1.91M,1.91M,1.91M,1.91M,1.91M,1.91M,1.91M,1.91M,1.91M,1.91M,1.91M,1.91M,1.91M,1.91M,1.91M,1.91M,1.91M,1.91M,1.91M,1.91M,1.91M,1.91M,1.91M,1.91M,1.91M,1.91M,1.91M,1.92M,1.92M
India,3.29M,3.29M,3.29M,3.29M,3.29M,3.29M,3.29M,3.29M,3.29M,3.29M,3.29M,3.29M,3.29M,3.29M,3.29M,3.29M,3.29M,3.29M,3.29M,3.29M,3.29M,3.29M,3.29M,3.29M,3.29M,3.29M,3.29M,3.29M,3.29M,3.29M,3.29M,3.29M,3.29M,3.29M,3.29M,3.29M,3.29M,3.29M,3.29M,3.29M,3.29M,3.29M,3.29M,3.29M,3.29M,3.29M,3.29M,3.29M,3.29M,3.29M,3.29M,3.29M,3.29M,3.29M,3.29M,3.29M,3.29M,3.29M
Ireland,70.3k,70.3k,70.3k,70.3k,70.3k,70.3k,70.3k,70.3k,70.3k,70.3k,70.3k,70.3k,70.3k,70.3k,70.3k,70.3k,70.3k,70.3k,70.3k,70.3k,70.3k,70.3k,70.3k,70.3k,70.3k,70.3k,70.3k,70.3k,70.3k,70.3k,70.3k,70.3k,70.3k,70.3k,70.3k,70.3k,70.3k,70.3k,70.3k,70.3k,70.3k,70.3k,70.3k,70.3k,70.3k,70.3k,70.3k,70.3k,70.3k,70.3k,70.3k,70.3k,70.3k,70.3k,70.3k,70.3k,70.3k,70.3k
Iran,1.75M,1.75M,1.75M,1.75M,1.75M,1.75M,1.75M,1.75M,1.75M,1.75M,1.75M,1.75M,1.75M,1.75M,1.75M,1.75M,1.75M,1.75M,1.75M,1.75M,1.75M,1.75M,1.75M,1.75M,1.75M,1.75M,1.75M,1.75M,1.75M,1.75M,1.75M,1.75M,1.75M,1.75M,1.75M,1.75M,1.75M,1.75M,1.75M,1.75M,1.75M,1.75M,1.75M,1.75M,1.75M,1.75M,1.75M,1.75M,1.75M,1.75M,1.75M,1.75M,1.75M,1.75M,1.75M,1.75M,1.75M,1.75M
Iraq,438k,438k,438k,438k,438k,438k,438k,438k,438k,438k,438k,438k,438k,438k,438k,438k,438k,438k,438k,438k,438k,438k,438k,438k,438k,438k,438k,438k,438k,438k,438k,438k,438k,438k,438k,438k,438k,438k,438k,438k,438k,438k,438k,438k,438k,438k,438k,438k,435k,435k,435k,435k,435k,435k,435k,435k,435k,435k
Iceland,103k,103k,103k,103k,103k,103k,103k,103k,103k,103k,103k,103k,103k,103k,103k,103k,103k,103k,103k,103k,103k,103k,103k,103k,103k,103k,103k,103k,103k,103k,103k,103k,103k,103k,103k,103k,103k,103k,103k,103k,103k,103k,103k,103k,103k,103k,103k,103k,103k,103k,103k,103k,103k,103k,103k,103k,103k,103k
Israel,22.1k,22.1k,22.1k,22.1k,22.1k,22.1k,22.1k,22.1k,22.1k,22.1k,22.1k,22.1k,22.1k,22.1k,22.1k,22.1k,22.1k,22.1k,22.1k,22.1k,22.1k,22.1k,22.1k,22.1k,22.1k,22.1k,22.1k,22.1k,22.1k,22.1k,22.1k,22.1k,22.1k,22.1k,22.1k,22.1k,22.1k,22.1k,22.1k,22.1k,22.1k,22.1k,22.1k,22.1k,22.1k,22.1k,22.1k,22.1k,22.1k,22.1k,22.1k,22.1k,22.1k,22.1k,22.1k,22.1k,22.1k,22.1k
Italy,301k,301k,301k,301k,301k,301k,301k,301k,301k,301k,301k,301k,301k,301k,301k,301k,301k,301k,301k,301k,301k,301k,301k,301k,301k,301k,301k,301k,301k,301k,301k,301k,301k,301k,301k,301k,301k,301k,301k,301k,301k,301k,301k,301k,301k,301k,301k,301k,301k,301k,301k,301k,301k,301k,301k,301k,301k,302k
Jamaica,11k,11k,11k,11k,11k,11k,11k,11k,11k,11k,11k,11k,11k,11k,11k,11k,11k,11k,11k,11k,11k,11k,11k,11k,11k,11k,11k,11k,11k,11k,11k,11k,11k,11k,11k,11k,11k,11k,11k,11k,11k,11k,11k,11k,11k,11k,11k,11k,11k,11k,11k,11k,11k,11k,11k,11k,11k,11k
Jordan,88.8k,88.8k,88.8k,88.8k,88.8k,88.8k,88.8k,88.8k,88.8k,88.8k,88.8k,88.8k,88.8k,88.8k,88.8k,88.8k,88.8k,88.8k,88.8k,88.8k,88.8k,88.8k,88.8k,88.8k,88.8k,88.8k,88.8k,88.8k,88.8k,88.8k,88.8k,88.8k,88.8k,88.8k,88.8k,88.8k,88.8k,88.8k,88.8k,88.8k,88.8k,88.8k,88.8k,88.8k,88.8k,88.8k,88.8k,88.8k,89.3k,89.3k,89.3k,89.3k,89.3k,89.3k,89.3k,89.3k,89.3k,89.3k
Japan,378k,378k,378k,378k,378k,378k,378k,378k,378k,378k,378k,378k,378k,378k,378k,378k,378k,378k,378k,378k,378k,378k,378k,378k,378k,378k,378k,378k,378k,378k,378k,378k,378k,378k,378k,378k,378k,378k,378k,378k,378k,378k,378k,378k,378k,378k,378k,378k,378k,378k,378k,378k,378k,378k,378k,378k,378k,378k
Kazakhstan,2.72M,2.72M,2.72M,2.72M,2.72M,2.72M,2.72M,2.72M,2.72M,2.72M,2.72M,2.72M,2.72M,2.72M,2.72M,2.72M,2.72M,2.72M,2.72M,2.72M,2.72M,2.72M,2.72M,2.72M,2.72M,2.72M,2.72M,2.72M,2.72M,2.72M,2.72M,2.72M,2.72M,2.72M,2.72M,2.72M,2.72M,2.72M,2.72M,2.72M,2.72M,2.72M,2.72M,2.72M,2.72M,2.72M,2.72M,2.72M,2.72M,2.72M,2.72M,2.72M,2.72M,2.72M,2.72M,2.72M,2.72M,2.72M
Kenya,580k,580k,580k,580k,580k,580k,580k,580k,580k,580k,580k,580k,580k,580k,580k,580k,580k,580k,580k,580k,580k,580k,580k,580k,580k,580k,580k,580k,580k,580k,580k,580k,580k,580k,580k,580k,580k,580k,580k,580k,580k,580k,580k,580k,580k,580k,580k,580k,580k,580k,580k,580k,580k,580k,580k,580k,580k,580k
Kyrgyz Republic,200k,200k,200k,200k,200k,200k,200k,200k,200k,200k,200k,200k,200k,200k,200k,200k,200k,200k,200k,200k,200k,200k,200k,200k,200k,200k,200k,200k,200k,200k,200k,200k,200k,200k,200k,200k,200k,200k,200k,200k,200k,200k,200k,200k,200k,200k,200k,200k,200k,200k,200k,200k,200k,200k,200k,200k,200k,200k
Cambodia,181k,181k,181k,181k,181k,181k,181k,181k,181k,181k,181k,181k,181k,181k,181k,181k,181k,181k,181k,181k,181k,181k,181k,181k,181k,181k,181k,181k,181k,181k,181k,181k,181k,181k,181k,181k,181k,181k,181k,181k,181k,181k,181k,181k,181k,181k,181k,181k,181k,181k,181k,181k,181k,181k,181k,181k,181k,181k
Kiribati,810,810,810,810,810,810,810,810,810,810,810,810,810,810,810,810,810,810,810,810,810,810,810,810,810,810,810,810,810,810,810,810,810,810,810,810,810,810,810,810,810,810,810,810,810,810,810,810,810,810,810,810,810,810,810,810,810,810
St. Kitts and Nevis,350,350,350,350,350,350,350,350,350,350,350,350,350,350,350,350,350,350,350,260,260,260,260,260,260,260,260,260,260,260,260,260,260,260,260,260,260,260,260,260,260,260,260,260,260,260,260,260,260,260,260,260,260,260,260,260,260,260
South Korea,99.3k,99.3k,99.3k,99.3k,99.3k,99.3k,99.3k,99.3k,99.3k,99.3k,99.3k,99.3k,99.3k,99.3k,99.3k,99.3k,99.3k,99.3k,99.3k,99.3k,99.3k,99.3k,99.3k,99.3k,99.3k,99.3k,99.3k,99.3k,99.3k,99.3k,99.3k,99.3k,99.3k,99.3k,99.3k,99.3k,99.3k,99.3k,99.3k,99.3k,99.5k,99.6k,99.6k,99.6k,99.7k,99.7k,99.7k,99.8k,99.9k,100k,100k,100k,100k,100k,100k,100k,100k,100k
Kosovo,10.9k,10.9k,10.9k,10.9k,10.9k,10.9k,10.9k,10.9k,10.9k,10.9k,10.9k,10.9k,10.9k,10.9k,10.9k,10.9k,10.9k,10.9k,10.9k,10.9k,10.9k,10.9k,10.9k,10.9k,10.9k,10.9k,10.9k,10.9k,10.9k,10.9k,10.9k,10.9k,10.9k,10.9k,10.9k,10.9k,10.9k,10.9k,10.9k,10.9k,10.9k,10.9k,10.9k,10.9k,10.9k,10.9k,10.9k,10.9k,10.9k,10.9k,10.9k,10.9k,10.9k,10.9k,10.9k,10.9k,10.9k,
Kuwait,17.8k,17.8k,17.8k,17.8k,17.8k,17.8k,17.8k,17.8k,17.8k,17.8k,17.8k,17.8k,17.8k,17.8k,17.8k,17.8k,17.8k,17.8k,17.8k,17.8k,17.8k,17.8k,17.8k,17.8k,17.8k,17.8k,17.8k,17.8k,17.8k,17.8k,17.8k,17.8k,17.8k,17.8k,17.8k,17.8k,17.8k,17.8k,17.8k,17.8k,17.8k,17.8k,17.8k,17.8k,17.8k,17.8k,17.8k,17.8k,17.8k,17.8k,17.8k,17.8k,17.8k,17.8k,17.8k,17.8k,17.8k,17.8k
Lao,237k,237k,237k,237k,237k,237k,237k,237k,237k,237k,237k,237k,237k,237k,237k,237k,237k,237k,237k,237k,237k,237k,237k,237k,237k,237k,237k,237k,237k,237k,237k,237k,237k,237k,237k,237k,237k,237k,237k,237k,237k,237k,237k,237k,237k,237k,237k,237k,237k,237k,237k,237k,237k,237k,237k,237k,237k,237k
Lebanon,10.4k,10.4k,10.4k,10.4k,10.4k,10.4k,10.4k,10.4k,10.4k,10.4k,10.4k,10.4k,10.4k,10.4k,10.4k,10.4k,10.4k,10.4k,10.4k,10.4k,10.4k,10.4k,10.4k,10.4k,10.4k,10.4k,10.4k,10.4k,10.4k,10.4k,10.4k,10.4k,10.4k,10.4k,10.4k,10.4k,10.4k,10.4k,10.4k,10.4k,10.4k,10.4k,10.4k,10.4k,10.4k,10.4k,10.4k,10.4k,10.4k,10.4k,10.4k,10.4k,10.4k,10.4k,10.4k,10.4k,10.4k,10.4k
Liberia,111k,111k,111k,111k,111k,111k,111k,111k,111k,111k,111k,111k,111k,111k,111k,111k,111k,111k,111k,111k,111k,111k,111k,111k,111k,111k,111k,111k,111k,111k,111k,111k,111k,111k,111k,111k,111k,111k,111k,111k,111k,111k,111k,111k,111k,111k,111k,111k,111k,111k,111k,111k,111k,111k,111k,111k,111k,111k
Libya,1.76M,1.76M,1.76M,1.76M,1.76M,1.76M,1.76M,1.76M,1.76M,1.76M,1.76M,1.76M,1.76M,1.76M,1.76M,1.76M,1.76M,1.76M,1.76M,1.76M,1.76M,1.76M,1.76M,1.76M,1.76M,1.76M,1.76M,1.76M,1.76M,1.76M,1.76M,1.76M,1.76M,1.76M,1.76M,1.76M,1.76M,1.76M,1.76M,1.76M,1.76M,1.76M,1.76M,1.76M,1.76M,1.76M,1.76M,1.76M,1.76M,1.76M,1.76M,1.76M,1.76M,1.76M,1.76M,1.76M,1.76M,1.76M
St. Lucia,620,620,620,620,620,620,620,620,620,620,620,620,620,620,620,620,620,620,620,620,620,620,620,620,620,620,620,620,620,620,620,620,620,620,620,620,620,620,620,620,620,620,620,620,620,620,620,620,620,620,620,620,620,620,620,620,620,620
Liechtenstein,160,160,160,160,160,160,160,160,160,160,160,160,160,160,160,160,160,160,160,160,160,160,160,160,160,160,160,160,160,160,160,160,160,160,160,160,160,160,160,160,160,160,160,160,160,160,160,160,160,160,160,160,160,160,160,160,160,160
Sri Lanka,65.6k,65.6k,65.6k,65.6k,65.6k,65.6k,65.6k,65.6k,65.6k,65.6k,65.6k,65.6k,65.6k,65.6k,65.6k,65.6k,65.6k,65.6k,65.6k,65.6k,65.6k,65.6k,65.6k,65.6k,65.6k,65.6k,65.6k,65.6k,65.6k,65.6k,65.6k,65.6k,65.6k,65.6k,65.6k,65.6k,65.6k,65.6k,65.6k,65.6k,65.6k,65.6k,65.6k,65.6k,65.6k,65.6k,65.6k,65.6k,65.6k,65.6k,65.6k,65.6k,65.6k,65.6k,65.6k,65.6k,65.6k,65.6k
Lesotho,30.4k,30.4k,30.4k,30.4k,30.4k,30.4k,30.4k,30.4k,30.4k,30.4k,30.4k,30.4k,30.4k,30.4k,30.4k,30.4k,30.4k,30.4k,30.4k,30.4k,30.4k,30.4k,30.4k,30.4k,30.4k,30.4k,30.4k,30.4k,30.4k,30.4k,30.4k,30.4k,30.4k,30.4k,30.4k,30.4k,30.4k,30.4k,30.4k,30.4k,30.4k,30.4k,30.4k,30.4k,30.4k,30.4k,30.4k,30.4k,30.4k,30.4k,30.4k,30.4k,30.4k,30.4k,30.4k,30.4k,30.4k,30.4k
Lithuania,65.3k,65.3k,65.3k,65.3k,65.3k,65.3k,65.3k,65.3k,65.3k,65.3k,65.3k,65.3k,65.3k,65.3k,65.3k,65.3k,65.3k,65.3k,65.3k,65.3k,65.3k,65.3k,65.3k,65.3k,65.3k,65.3k,65.3k,65.3k,65.3k,65.3k,65.3k,65.3k,65.3k,65.3k,65.3k,65.3k,65.3k,65.3k,65.3k,65.3k,65.3k,65.3k,65.3k,65.3k,65.3k,65.3k,65.3k,65.3k,65.3k,65.3k,65.3k,65.3k,65.3k,65.3k,65.3k,65.3k,65.3k,65.3k
Luxembourg,,,,,,,,,,,,,,,,,,,,,,,,,,,,,,,,,,,,,,,,2590,2590,2590,2590,2590,2590,2590,2590,2590,2590,2590,2590,2590,2590,2590,2590,2590,2590,2590
Latvia,64.6k,64.6k,64.6k,64.6k,64.6k,64.6k,64.6k,64.6k,64.6k,64.6k,64.6k,64.6k,64.6k,64.6k,64.6k,64.6k,64.6k,64.6k,64.6k,64.6k,64.6k,64.6k,64.6k,64.6k,64.6k,64.6k,64.6k,64.6k,64.6k,64.6k,64.6k,64.6k,64.6k,64.6k,64.6k,64.6k,64.6k,64.6k,64.6k,64.6k,64.6k,64.6k,64.6k,64.6k,64.6k,64.6k,64.6k,64.6k,64.6k,64.5k,64.5k,64.5k,64.5k,64.6k,64.6k,64.6k,64.6k,64.6k
Macao, China,20,20,20,20,20,20,20,20,20,20,20,20,20,20,20,20,20,20,20,20,20,20,20,20,20,20,20,20,20,20,20,20,20,20,20,20,20,20,20,20,26,27,27,28,28,28.6,29.2,29.2,29.5,29.7,29.9,29.9,30.3,30.3,30.4,30.5,30.8,32.9
St. Martin (French part),54.4,54.4,54.4,54.4,54.4,54.4,54.4,54.4,54.4,54.4,54.4,54.4,54.4,54.4,54.4,54.4,54.4,54.4,54.4,54.4,54.4,54.4,54.4,54.4,54.4,54.4,54.4,54.4,54.4,54.4,54.4,54.4,54.4,54.4,54.4,54.4,54.4,54.4,54.4,54.4,54.4,54.4,54.4,54.4,54.4,54.4,54.4,54.4,54.4,54.4,50,50,50,50,50,50,50,50
Morocco,447k,447k,447k,447k,447k,447k,447k,447k,447k,447k,447k,447k,447k,447k,447k,447k,447k,447k,447k,447k,447k,447k,447k,447k,447k,447k,447k,447k,447k,447k,447k,447k,447k,447k,447k,447k,447k,447k,447k,447k,447k,447k,447k,447k,447k,447k,447k,447k,447k,447k,447k,447k,447k,447k,447k,447k,447k,447k
Monaco,2.03,2.03,2.03,2.03,2.03,2.03,2.03,2.03,2.03,2.03,2.03,2.03,2.03,2.03,2.03,2.03,2.03,2.03,2.03,2.03,2.03,2.03,2.03,2.03,2.03,2.03,2.03,2.03,2.03,2.03,2.03,2.03,2.03,2.03,2.03,2.03,2.03,2.03,2.03,2.03,2.03,2.03,2.03,2.03,2.03,2.03,74.9,74.9,74.9,74.9,74.9,74.9,74.9,74.9,74.9,74.9,74.9,74.9
Moldova,33.8k,33.8k,33.8k,33.8k,33.8k,33.8k,33.8k,33.8k,33.8k,33.8k,33.8k,33.8k,33.8k,33.8k,33.8k,33.8k,33.8k,33.8k,33.8k,33.8k,33.8k,33.8k,33.8k,33.8k,33.8k,33.8k,33.8k,33.8k,33.8k,33.8k,33.8k,33.8k,33.8k,33.8k,33.9k,33.9k,33.8k,33.8k,33.8k,33.8k,33.8k,33.8k,33.8k,33.9k,33.9k,33.9k,33.9k,33.9k,33.9k,33.9k,33.9k,33.9k,33.9k,33.9k,33.9k,33.9k,33.9k,33.9k
Madagascar,587k,587k,587k,587k,587k,587k,587k,587k,587k,587k,587k,587k,587k,587k,587k,587k,587k,587k,587k,587k,587k,587k,587k,587k,587k,587k,587k,587k,587k,587k,587k,587k,587k,587k,587k,587k,587k,587k,587k,587k,587k,587k,587k,587k,587k,587k,587k,587k,587k,587k,587k,587k,587k,587k,587k,587k,587k,587k
Maldives,300,300,300,300,300,300,300,300,300,300,300,300,300,300,300,300,300,300,300,300,300,300,300,300,300,300,300,300,300,300,300,300,300,300,300,300,300,300,300,300,300,300,300,300,300,300,300,300,300,300,300,300,300,300,300,300,300,300
Mexico,1.96M,1.96M,1.96M,1.96M,1.96M,1.96M,1.96M,1.96M,1.96M,1.96M,1.96M,1.96M,1.96M,1.96M,1.96M,1.96M,1.96M,1.96M,1.96M,1.96M,1.96M,1.96M,1.96M,1.96M,1.96M,1.96M,1.96M,1.96M,1.96M,1.96M,1.96M,1.96M,1.96M,1.96M,1.96M,1.96M,1.96M,1.96M,1.96M,1.96M,1.96M,1.96M,1.96M,1.96M,1.96M,1.96M,1.96M,1.96M,1.96M,1.96M,1.96M,1.96M,1.96M,1.96M,1.96M,1.96M,1.96M,1.96M
Marshall Islands,,,,,,,,,,,,,,,,,,,,,,,,,,,,,,,180,180,180,180,180,180,180,180,180,180,180,180,180,180,180,180,180,180,180,180,180,180,180,180,180,180,180,180
North Macedonia,25.7k,25.7k,25.7k,25.7k,25.7k,25.7k,25.7k,25.7k,25.7k,25.7k,25.7k,25.7k,25.7k,25.7k,25.7k,25.7k,25.7k,25.7k,25.7k,25.7k,25.7k,25.7k,25.7k,25.7k,25.7k,25.7k,25.7k,25.7k,25.7k,25.7k,25.7k,25.7k,25.7k,25.7k,25.7k,25.7k,25.7k,25.7k,25.7k,25.7k,25.7k,25.7k,25.7k,25.7k,25.7k,25.7k,25.7k,25.7k,25.7k,25.7k,25.7k,25.7k,25.7k,25.7k,25.7k,25.7k,25.7k,25.7k
Mali,1.24M,1.24M,1.24M,1.24M,1.24M,1.24M,1.24M,1.24M,1.24M,1.24M,1.24M,1.24M,1.24M,1.24M,1.24M,1.24M,1.24M,1.24M,1.24M,1.24M,1.24M,1.24M,1.24M,1.24M,1.24M,1.24M,1.24M,1.24M,1.24M,1.24M,1.24M,1.24M,1.24M,1.24M,1.24M,1.24M,1.24M,1.24M,1.24M,1.24M,1.24M,1.24M,1.24M,1.24M,1.24M,1.24M,1.24M,1.24M,1.24M,1.24M,1.24M,1.24M,1.24M,1.24M,1.24M,1.24M,1.24M,1.24M
Malta,320,320,320,320,320,320,320,320,320,320,320,320,320,320,320,320,320,320,320,320,320,320,320,320,320,320,320,320,320,320,320,320,320,320,320,320,320,320,320,320,320,320,320,320,320,320,320,320,320,320,320,320,320,320,320,320,320,320
Myanmar,677k,677k,677k,677k,677k,677k,677k,677k,677k,677k,677k,677k,677k,677k,677k,677k,677k,677k,677k,677k,677k,677k,677k,677k,677k,677k,677k,677k,677k,677k,677k,677k,677k,677k,677k,677k,677k,677k,677k,677k,677k,677k,677k,677k,677k,677k,677k,677k,677k,677k,677k,677k,677k,677k,677k,677k,677k,677k
Montenegro,13.8k,13.8k,13.8k,13.8k,13.8k,13.8k,13.8k,13.8k,13.8k,13.8k,13.8k,13.8k,13.8k,13.8k,13.8k,13.8k,13.8k,13.8k,13.8k,13.8k,13.8k,13.8k,13.8k,13.8k,13.8k,13.8k,13.8k,13.8k,13.8k,13.8k,13.8k,13.8k,13.8k,13.8k,13.8k,13.8k,13.8k,13.8k,13.8k,13.8k,13.8k,13.8k,13.8k,13.8k,13.8k,13.8k,13.8k,13.8k,13.8k,13.8k,13.8k,13.8k,13.8k,13.8k,13.8k,13.8k,13.8k,13.8k
Mongolia,1.56M,1.56M,1.56M,1.56M,1.56M,1.56M,1.56M,1.56M,1.56M,1.56M,1.56M,1.56M,1.56M,1.56M,1.56M,1.56M,1.56M,1.56M,1.56M,1.56M,1.56M,1.56M,1.56M,1.56M,1.56M,1.56M,1.56M,1.56M,1.56M,1.56M,1.56M,1.56M,1.56M,1.56M,1.56M,1.56M,1.56M,1.56M,1.56M,1.56M,1.56M,1.56M,1.56M,1.56M,1.56M,1.56M,1.56M,1.56M,1.56M,1.56M,1.56M,1.56M,1.56M,1.56M,1.56M,1.56M,1.56M,1.56M
Northern Mariana Islands,,,,,,,,,,,,,,,,,,,,,,,,,,,,,,,460,460,460,460,460,460,460,460,460,460,460,460,460,460,460,460,460,460,460,460,460,460,460,460,460,460,460,460
Mozambique,799k,799k,799k,799k,799k,799k,799k,799k,799k,799k,799k,799k,799k,799k,799k,799k,799k,799k,799k,799k,799k,799k,799k,799k,799k,799k,799k,799k,799k,799k,799k,799k,799k,799k,799k,799k,799k,799k,799k,799k,799k,799k,799k,799k,799k,799k,799k,799k,799k,799k,799k,799k,799k,799k,799k,799k,799k,799k
Mauritania,1.03M,1.03M,1.03M,1.03M,1.03M,1.03M,1.03M,1.03M,1.03M,1.03M,1.03M,1.03M,1.03M,1.03M,1.03M,1.03M,1.03M,1.03M,1.03M,1.03M,1.03M,1.03M,1.03M,1.03M,1.03M,1.03M,1.03M,1.03M,1.03M,1.03M,1.03M,1.03M,1.03M,1.03M,1.03M,1.03M,1.03M,1.03M,1.03M,1.03M,1.03M,1.03M,1.03M,1.03M,1.03M,1.03M,1.03M,1.03M,1.03M,1.03M,1.03M,1.03M,1.03M,1.03M,1.03M,1.03M,1.03M,1.03M
Mauritius,2040,2040,2040,2040,2040,2040,2040,2040,2040,2040,2040,2040,2040,2040,2040,2040,2040,2040,2040,2040,2040,2040,2040,2040,2040,2040,2040,2040,2040,2040,2040,2040,2040,2040,2040,2040,2040,2040,2040,2040,2040,2040,2040,2040,2040,2040,2040,2040,2040,2040,2040,2040,2040,2040,2040,2040,2040,2040
Malawi,118k,118k,118k,118k,118k,118k,118k,118k,118k,118k,118k,118k,118k,118k,118k,118k,118k,118k,118k,118k,118k,118k,118k,118k,118k,118k,118k,118k,118k,118k,118k,118k,118k,118k,118k,118k,118k,118k,118k,118k,118k,118k,118k,118k,118k,118k,118k,118k,118k,118k,118k,118k,118k,118k,118k,118k,118k,118k
Malaysia,331k,331k,331k,331k,331k,331k,331k,331k,331k,331k,331k,331k,331k,331k,331k,331k,331k,331k,331k,331k,331k,331k,331k,331k,331k,331k,331k,331k,331k,331k,331k,331k,331k,331k,331k,331k,331k,331k,331k,331k,331k,331k,331k,331k,331k,331k,331k,331k,331k,331k,331k,331k,330k,330k,330k,330k,330k,330k
Namibia,824k,824k,824k,824k,824k,824k,824k,824k,824k,824k,824k,824k,824k,824k,824k,824k,824k,824k,824k,824k,824k,824k,824k,824k,824k,824k,824k,824k,824k,824k,824k,824k,824k,824k,824k,824k,824k,824k,824k,824k,824k,824k,824k,824k,824k,824k,824k,824k,824k,824k,824k,824k,824k,824k,824k,824k,824k,824k
New Caledonia,18.6k,18.6k,18.6k,18.6k,18.6k,18.6k,18.6k,18.6k,18.6k,18.6k,18.6k,18.6k,18.6k,18.6k,18.6k,18.6k,18.6k,18.6k,18.6k,18.6k,18.6k,18.6k,18.6k,18.6k,18.6k,18.6k,18.6k,18.6k,18.6k,18.6k,18.6k,18.6k,18.6k,18.6k,18.6k,18.6k,18.6k,18.6k,18.6k,18.6k,18.6k,18.6k,18.6k,18.6k,18.6k,18.6k,18.6k,18.6k,18.6k,18.6k,18.6k,18.6k,18.6k,18.6k,18.6k,18.6k,18.6k,18.6k
Niger,1.27M,1.27M,1.27M,1.27M,1.27M,1.27M,1.27M,1.27M,1.27M,1.27M,1.27M,1.27M,1.27M,1.27M,1.27M,1.27M,1.27M,1.27M,1.27M,1.27M,1.27M,1.27M,1.27M,1.27M,1.27M,1.27M,1.27M,1.27M,1.27M,1.27M,1.27M,1.27M,1.27M,1.27M,1.27M,1.27M,1.27M,1.27M,1.27M,1.27M,1.27M,1.27M,1.27M,1.27M,1.27M,1.27M,1.27M,1.27M,1.27M,1.27M,1.27M,1.27M,1.27M,1.27M,1.27M,1.27M,1.27M,1.27M
Nigeria,924k,924k,924k,924k,924k,924k,924k,924k,924k,924k,924k,924k,924k,924k,924k,924k,924k,924k,924k,924k,924k,924k,924k,924k,924k,924k,924k,924k,924k,924k,924k,924k,924k,924k,924k,924k,924k,924k,924k,924k,924k,924k,924k,924k,924k,924k,924k,924k,924k,924k,924k,924k,924k,924k,924k,924k,924k,924k
Nicaragua,130k,130k,130k,130k,130k,130k,130k,130k,130k,130k,130k,130k,130k,130k,130k,130k,130k,130k,130k,130k,130k,130k,130k,130k,130k,130k,130k,130k,130k,130k,130k,130k,130k,130k,130k,130k,130k,130k,130k,130k,130k,130k,130k,130k,130k,130k,130k,130k,130k,130k,130k,130k,130k,130k,130k,130k,130k,130k
Netherlands,41.5k,41.5k,41.5k,41.5k,41.5k,41.5k,41.5k,41.5k,41.5k,41.5k,41.5k,41.5k,41.5k,41.5k,41.5k,41.5k,41.5k,41.5k,41.5k,41.5k,41.5k,41.5k,41.5k,41.5k,41.5k,41.5k,41.5k,41.5k,41.5k,41.5k,41.5k,41.5k,41.5k,41.5k,41.5k,41.5k,41.5k,41.5k,41.5k,41.5k,41.5k,41.5k,41.5k,41.5k,41.5k,41.5k,41.5k,41.5k,41.5k,41.5k,41.5k,41.5k,41.5k,41.5k,41.5k,41.5k,41.5k,41.5k
Curaçao,444,444,444,444,444,444,444,444,444,444,444,444,444,444,444,444,444,444,444,444,444,444,444,444,444,444,444,444,444,444,444,444,444,444,444,444,444,444,444,444,444,444,444,444,444,444,444,444,444,444,444,444,444,444,444,444,444,444
Norway,385k,385k,385k,385k,385k,385k,385k,385k,385k,385k,385k,385k,385k,385k,385k,385k,385k,385k,385k,385k,385k,385k,385k,385k,385k,385k,385k,385k,385k,385k,385k,385k,385k,385k,385k,385k,385k,385k,385k,385k,385k,385k,385k,385k,385k,385k,385k,385k,385k,385k,385k,385k,625k,625k,625k,625k,625k,625k
Nepal,147k,147k,147k,147k,147k,147k,147k,147k,147k,147k,147k,147k,147k,147k,147k,147k,147k,147k,147k,147k,147k,147k,147k,147k,147k,147k,147k,147k,147k,147k,147k,147k,147k,147k,147k,147k,147k,147k,147k,147k,147k,147k,147k,147k,147k,147k,147k,147k,147k,147k,147k,147k,147k,147k,147k,147k,147k,147k
Nauru,20,20,20,20,20,20,20,20,20,20,20,20,20,20,20,20,20,20,20,20,20,20,20,20,20,20,20,20,20,20,20,20,20,20,20,20,20,20,20,20,20,20,20,20,20,20,20,20,20,20,20,20,20,20,20,20,20,20
New Zealand,268k,268k,268k,268k,268k,268k,268k,268k,268k,268k,268k,268k,268k,268k,268k,268k,268k,268k,268k,268k,268k,268k,268k,268k,268k,268k,268k,268k,268k,268k,268k,268k,268k,268k,268k,268k,268k,268k,268k,268k,268k,268k,268k,268k,268k,268k,268k,268k,268k,268k,268k,268k,268k,268k,268k,268k,268k,268k
Oman,310k,310k,310k,310k,310k,310k,310k,310k,310k,310k,310k,310k,310k,310k,310k,310k,310k,310k,310k,310k,310k,310k,310k,310k,310k,310k,310k,310k,310k,310k,310k,310k,310k,310k,310k,310k,310k,310k,310k,310k,310k,310k,310k,310k,310k,310k,310k,310k,310k,310k,310k,310k,310k,310k,310k,310k,310k,310k
Pakistan,796k,796k,796k,796k,796k,796k,796k,796k,796k,796k,796k,796k,796k,796k,796k,796k,796k,796k,796k,796k,796k,796k,796k,796k,796k,796k,796k,796k,796k,796k,796k,796k,796k,796k,796k,796k,796k,796k,796k,796k,796k,796k,796k,796k,796k,796k,796k,796k,796k,796k,796k,796k,796k,796k,796k,796k,796k,796k
Panama,75.4k,75.4k,75.4k,75.4k,75.4k,75.4k,75.4k,75.4k,75.4k,75.4k,75.4k,75.4k,75.4k,75.4k,75.4k,75.4k,75.4k,75.4k,75.4k,75.4k,75.4k,75.4k,75.4k,75.4k,75.4k,75.4k,75.4k,75.4k,75.4k,75.4k,75.4k,75.4k,75.4k,75.4k,75.4k,75.4k,75.4k,75.4k,75.4k,75.4k,75.4k,75.4k,75.4k,75.4k,75.4k,75.4k,75.4k,75.4k,75.4k,75.4k,75.4k,75.4k,75.4k,75.3k,75.3k,75.3k,75.3k,75.3k
Peru,1.29M,1.29M,1.29M,1.29M,1.29M,1.29M,1.29M,1.29M,1.29M,1.29M,1.29M,1.29M,1.29M,1.29M,1.29M,1.29M,1.29M,1.29M,1.29M,1.29M,1.29M,1.29M,1.29M,1.29M,1.29M,1.29M,1.29M,1.29M,1.29M,1.29M,1.29M,1.29M,1.29M,1.29M,1.29M,1.29M,1.29M,1.29M,1.29M,1.29M,1.29M,1.29M,1.29M,1.29M,1.29M,1.29M,1.29M,1.29M,1.29M,1.29M,1.29M,1.29M,1.29M,1.29M,1.29M,1.29M,1.29M,1.29M
Philippines,300k,300k,300k,300k,300k,300k,300k,300k,300k,300k,300k,300k,300k,300k,300k,300k,300k,300k,300k,300k,300k,300k,300k,300k,300k,300k,300k,300k,300k,300k,300k,300k,300k,300k,300k,300k,300k,300k,300k,300k,300k,300k,300k,300k,300k,300k,300k,300k,300k,300k,300k,300k,300k,300k,300k,300k,300k,300k
Palau,,,,,,,,,,,,,,,,,,,,,,,,,,,,,,,460,460,460,460,460,460,460,460,460,460,460,460,460,460,460,460,460,460,460,460,460,460,460,460,460,460,460,460
Papua New Guinea,463k,463k,463k,463k,463k,463k,463k,463k,463k,463k,463k,463k,463k,463k,463k,463k,463k,463k,463k,463k,463k,463k,463k,463k,463k,463k,463k,463k,463k,463k,463k,463k,463k,463k,463k,463k,463k,463k,463k,463k,463k,463k,463k,463k,463k,463k,463k,463k,463k,463k,463k,463k,463k,463k,463k,463k,463k,463k
Poland,313k,313k,313k,313k,313k,313k,313k,313k,313k,313k,313k,313k,313k,313k,313k,313k,313k,313k,313k,313k,313k,313k,313k,313k,313k,313k,313k,313k,313k,313k,313k,313k,313k,313k,313k,313k,313k,313k,313k,313k,313k,313k,313k,313k,313k,313k,313k,313k,313k,313k,313k,313k,313k,313k,313k,313k,313k,313k
Puerto Rico,8870,8870,8870,8870,8870,8870,8870,8870,8870,8870,8870,8870,8870,8870,8870,8870,8870,8870,8870,8870,8870,8870,8870,8870,8870,8870,8870,8870,8870,8870,8870,8870,8870,8870,8870,8870,8870,8870,8870,8870,8870,8870,8870,8870,8870,8870,8870,8870,8870,8870,8870,8870,8870,8870,8870,8870,8870,8870
North Korea,121k,121k,121k,121k,121k,121k,121k,121k,121k,121k,121k,121k,121k,121k,121k,121k,121k,121k,121k,121k,121k,121k,121k,121k,121k,121k,121k,121k,121k,121k,121k,121k,121k,121k,121k,121k,121k,121k,121k,121k,121k,121k,121k,121k,121k,121k,121k,121k,121k,121k,121k,121k,121k,121k,121k,121k,121k,121k
Portugal,92.1k,92.1k,92.1k,92.1k,92.1k,92.1k,92.1k,92.1k,92.1k,92.1k,92.1k,92.1k,92.1k,92.1k,92.1k,92.1k,92.1k,92.1k,92.1k,92.1k,92.1k,92.1k,92.1k,92.1k,92.1k,92.1k,92.1k,92.1k,92.1k,92.1k,92.1k,92.1k,92.1k,92.1k,92.1k,92.1k,92.1k,92.1k,92.1k,92.1k,92.1k,92.1k,92.1k,92.1k,92.1k,92.1k,92.1k,92.1k,92.2k,92.2k,92.2k,92.2k,92.2k,92.2k,92.2k,92.2k,92.2k,92.2k
Paraguay,407k,407k,407k,407k,407k,407k,407k,407k,407k,407k,407k,407k,407k,407k,407k,407k,407k,407k,407k,407k,407k,407k,407k,407k,407k,407k,407k,407k,407k,407k,407k,407k,407k,407k,407k,407k,407k,407k,407k,407k,407k,407k,407k,407k,407k,407k,407k,407k,407k,407k,407k,407k,407k,407k,407k,407k,407k,407k
Palestine,6020,6020,6020,6020,6020,6020,6020,6020,6020,6020,6020,6020,6020,6020,6020,6020,6020,6020,6020,6020,6020,6020,6020,6020,6020,6020,6020,6020,6020,6020,6020,6020,6020,6020,6020,6020,6020,6020,6020,6020,6020,6020,6020,6020,6020,6020,6020,6020,6020,6020,6020,6020,6020,6020,6020,6020,6020,6020
French Polynesia,4000,4000,4000,4000,4000,4000,4000,4000,4000,4000,4000,4000,4000,4000,4000,4000,4000,4000,4000,4000,4000,4000,4000,4000,4000,4000,4000,4000,4000,4000,4000,4000,4000,4000,4000,4000,4000,4000,4000,4000,4000,4000,4000,4000,4000,4000,4000,4000,4000,4000,4000,4000,4000,4000,4000,4000,4000,4000
Qatar,11.6k,11.6k,11.6k,11.6k,11.6k,11.6k,11.6k,11.6k,11.6k,11.6k,11.6k,11.6k,11.6k,11.6k,11.6k,11.6k,11.6k,11.6k,11.6k,11.6k,11.6k,11.6k,11.6k,11.6k,11.6k,11.6k,11.6k,11.6k,11.6k,11.6k,11.6k,11.6k,11.6k,11.6k,11.6k,11.6k,11.6k,11.6k,11.6k,11.6k,11.6k,11.6k,11.6k,11.6k,11.6k,11.6k,11.6k,11.6k,11.6k,11.6k,11.6k,11.6k,11.6k,11.5k,11.5k,11.5k,11.5k,11.5k
Romania,238k,238k,238k,238k,238k,238k,238k,238k,238k,238k,238k,238k,238k,238k,238k,238k,238k,238k,238k,238k,238k,238k,238k,238k,238k,238k,238k,238k,238k,238k,238k,238k,238k,238k,238k,238k,238k,238k,238k,238k,238k,238k,238k,238k,238k,238k,238k,238k,238k,238k,238k,238k,238k,238k,238k,238k,238k,238k
Russia,17.1M,17.1M,17.1M,17.1M,17.1M,17.1M,17.1M,17.1M,17.1M,17.1M,17.1M,17.1M,17.1M,17.1M,17.1M,17.1M,17.1M,17.1M,17.1M,17.1M,17.1M,17.1M,17.1M,17.1M,17.1M,17.1M,17.1M,17.1M,17.1M,17.1M,17.1M,17.1M,17.1M,17.1M,17.1M,17.1M,17.1M,17.1M,17.1M,17.1M,17.1M,17.1M,17.1M,17.1M,17.1M,17.1M,17.1M,17.1M,17.1M,17.1M,17.1M,17.1M,17.1M,17.1M,17.1M,17.1M,17.1M,17.1M
Rwanda,26.3k,26.3k,26.3k,26.3k,26.3k,26.3k,26.3k,26.3k,26.3k,26.3k,26.3k,26.3k,26.3k,26.3k,26.3k,26.3k,26.3k,26.3k,26.3k,26.3k,26.3k,26.3k,26.3k,26.3k,26.3k,26.3k,26.3k,26.3k,26.3k,26.3k,26.3k,26.3k,26.3k,26.3k,26.3k,26.3k,26.3k,26.3k,26.3k,26.3k,26.3k,26.3k,26.3k,26.3k,26.3k,26.3k,26.3k,26.3k,26.3k,26.3k,26.3k,26.3k,26.3k,26.3k,26.3k,26.3k,26.3k,26.3k
Saudi Arabia,2.15M,2.15M,2.15M,2.15M,2.15M,2.15M,2.15M,2.15M,2.15M,2.15M,2.15M,2.15M,2.15M,2.15M,2.15M,2.15M,2.15M,2.15M,2.15M,2.15M,2.15M,2.15M,2.15M,2.15M,2.15M,2.15M,2.15M,2.15M,2.15M,2.15M,2.15M,2.15M,2.15M,2.15M,2.15M,2.15M,2.15M,2.15M,2.15M,2.15M,2.15M,2.15M,2.15M,2.15M,2.15M,2.15M,2.15M,2.15M,2.15M,2.15M,2.15M,2.15M,2.15M,2.15M,2.15M,2.15M,2.15M,2.15M
Sudan,,,,,,,,,,,,,,,,,,,,,,,,,,,,,,,,,,,,,,,,,,,,,,,,,,,1.85M,1.85M,1.85M,1.85M,1.85M,1.85M,1.85M,1.85M
Senegal,197k,197k,197k,197k,197k,197k,197k,197k,197k,197k,197k,197k,197k,197k,197k,197k,197k,197k,197k,197k,197k,197k,197k,197k,197k,197k,197k,197k,197k,197k,197k,197k,197k,197k,197k,197k,197k,197k,197k,197k,197k,197k,197k,197k,197k,197k,197k,197k,197k,197k,197k,197k,197k,197k,197k,197k,197k,197k
Singapore,680,680,680,680,680,680,680,680,680,680,680,680,680,680,680,680,680,680,680,680,680,680,680,680,680,680,680,680,680,680,680,680,680,680,680,680,680,680,680,680,680,685,697,699,699,704,705,710,710,712,714,716,717,719,719,719,719,719
Solomon Islands,28.9k,28.9k,28.9k,28.9k,28.9k,28.9k,28.9k,28.9k,28.9k,28.9k,28.9k,28.9k,28.9k,28.9k,28.9k,28.9k,28.9k,28.9k,28.9k,28.9k,28.9k,28.9k,28.9k,28.9k,28.9k,28.9k,28.9k,28.9k,28.9k,28.9k,28.9k,28.9k,28.9k,28.9k,28.9k,28.9k,28.9k,28.9k,28.9k,28.9k,28.9k,28.9k,28.9k,28.9k,28.9k,28.9k,28.9k,28.9k,28.9k,28.9k,28.9k,28.9k,28.9k,28.9k,28.9k,28.9k,28.9k,28.9k
Sierra Leone,72.3k,72.3k,72.3k,72.3k,72.3k,72.3k,72.3k,72.3k,72.3k,72.3k,72.3k,72.3k,72.3k,72.3k,72.3k,72.3k,72.3k,72.3k,72.3k,72.3k,72.3k,72.3k,72.3k,72.3k,72.3k,72.3k,72.3k,72.3k,72.3k,72.3k,72.3k,72.3k,72.3k,72.3k,72.3k,72.3k,72.3k,72.3k,72.3k,72.3k,72.3k,72.3k,72.3k,72.3k,72.3k,72.3k,72.3k,72.3k,72.3k,72.3k,72.3k,72.3k,72.3k,72.3k,72.3k,72.3k,72.3k,72.3k
El Salvador,21k,21k,21k,21k,21k,21k,21k,21k,21k,21k,21k,21k,21k,21k,21k,21k,21k,21k,21k,21k,21k,21k,21k,21k,21k,21k,21k,21k,21k,21k,21k,21k,21k,21k,21k,21k,21k,21k,21k,21k,21k,21k,21k,21k,21k,21k,21k,21k,21k,21k,21k,21k,21k,21k,21k,21k,21k,21k
San Marino,60,60,60,60,60,60,60,60,60,60,60,60,60,60,60,60,60,60,60,60,60,60,60,60,60,60,60,60,60,60,60,60,60,60,60,60,60,60,60,60,60,60,60,60,60,60,60,60,60,60,60,60,60,60,60,60,60,60
Somalia,638k,638k,638k,638k,638k,638k,638k,638k,638k,638k,638k,638k,638k,638k,638k,638k,638k,638k,638k,638k,638k,638k,638k,638k,638k,638k,638k,638k,638k,638k,638k,638k,638k,638k,638k,638k,638k,638k,638k,638k,638k,638k,638k,638k,638k,638k,638k,638k,638k,638k,638k,638k,638k,638k,638k,638k,638k,638k
Serbia,88.4k,88.4k,88.4k,88.4k,88.4k,88.4k,88.4k,88.4k,88.4k,88.4k,88.4k,88.4k,88.4k,88.4k,88.4k,88.4k,88.4k,88.4k,88.4k,88.4k,88.4k,88.4k,88.4k,88.4k,88.4k,88.4k,88.4k,88.4k,88.4k,88.4k,88.4k,88.4k,88.4k,88.4k,88.4k,88.4k,88.4k,88.4k,88.4k,88.4k,88.4k,88.4k,88.4k,88.4k,88.4k,88.4k,88.4k,88.4k,88.4k,88.4k,88.4k,88.4k,88.4k,88.4k,88.4k,88.4k,88.4k,88.4k
South Sudan,,,,,,,,,,,,,,,,,,,,,,,,,,,,,,,,,,,,,,,,,,,,,,,,,,,634k,634k,634k,634k,634k,634k,634k,634k
Sao Tome and Principe,960,960,960,960,960,960,960,960,960,960,960,960,960,960,960,960,960,960,960,960,960,960,960,960,960,960,960,960,960,960,960,960,960,960,960,960,960,960,960,960,960,960,960,960,960,960,960,960,960,960,960,960,960,960,960,960,960,960
Suriname,164k,164k,164k,164k,164k,164k,164k,164k,164k,164k,164k,164k,164k,164k,164k,164k,164k,164k,164k,164k,164k,164k,164k,164k,164k,164k,164k,164k,164k,164k,164k,164k,164k,164k,164k,164k,164k,164k,164k,164k,164k,164k,164k,164k,164k,164k,164k,164k,164k,164k,164k,164k,164k,164k,164k,164k,164k,164k
Slovak Republic,49k,49k,49k,49k,49k,49k,49k,49k,49k,49k,49k,49k,49k,49k,49k,49k,49k,49k,49k,49k,49k,49k,49k,49k,49k,49k,49k,49k,49k,49k,49k,49k,49k,49k,49k,49k,49k,49k,49k,49k,49k,49k,49k,49k,49k,49k,49k,49k,49k,49k,49k,49k,49k,49k,49k,49k,49k,49k
Slovenia,20.3k,20.3k,20.3k,20.3k,20.3k,20.3k,20.3k,20.3k,20.3k,20.3k,20.3k,20.3k,20.3k,20.3k,20.3k,20.3k,20.3k,20.3k,20.3k,20.3k,20.3k,20.3k,20.3k,20.3k,20.3k,20.3k,20.3k,20.3k,20.3k,20.3k,20.3k,20.3k,20.3k,20.3k,20.3k,20.3k,20.3k,20.3k,20.3k,20.3k,20.3k,20.3k,20.3k,20.3k,20.3k,20.3k,20.3k,20.3k,20.3k,20.3k,20.3k,20.3k,20.7k,20.7k,20.7k,20.7k,20.5k,20.5k
Sweden,450k,450k,450k,450k,450k,450k,450k,450k,450k,450k,450k,450k,450k,450k,450k,450k,450k,450k,450k,450k,450k,450k,450k,450k,450k,450k,450k,450k,450k,450k,450k,450k,450k,450k,450k,450k,450k,450k,450k,450k,450k,450k,450k,450k,450k,450k,450k,450k,450k,450k,450k,447k,447k,447k,447k,447k,447k,447k
Eswatini,17.4k,17.4k,17.4k,17.4k,17.4k,17.4k,17.4k,17.4k,17.4k,17.4k,17.4k,17.4k,17.4k,17.4k,17.4k,17.4k,17.4k,17.4k,17.4k,17.4k,17.4k,17.4k,17.4k,17.4k,17.4k,17.4k,17.4k,17.4k,17.4k,17.4k,17.4k,17.4k,17.4k,17.4k,17.4k,17.4k,17.4k,17.4k,17.4k,17.4k,17.4k,17.4k,17.4k,17.4k,17.4k,17.4k,17.4k,17.4k,17.4k,17.4k,17.4k,17.4k,17.4k,17.4k,17.4k,17.4k,17.4k,17.4k
Sint Maarten (Dutch part),34,34,34,34,34,34,34,34,34,34,34,34,34,34,34,34,34,34,34,34,34,34,34,34,34,34,34,34,34,34,34,34,34,34,34,34,34,34,34,34,34,34,34,34,34,34,34,34,34,34,34,34,34,34,34,34,34,34
Seychelles,460,460,460,460,460,460,460,460,460,460,460,460,460,460,460,460,460,460,460,460,460,460,460,460,460,460,460,460,460,460,460,460,460,460,460,460,460,460,460,460,460,460,460,460,460,460,460,460,460,460,460,460,460,460,460,460,460,460
Syria,185k,185k,185k,185k,185k,185k,185k,185k,185k,185k,185k,185k,185k,185k,185k,185k,185k,185k,185k,185k,185k,185k,185k,185k,185k,185k,185k,185k,185k,185k,185k,185k,185k,185k,185k,185k,185k,185k,185k,185k,185k,185k,185k,185k,185k,185k,185k,185k,185k,185k,185k,185k,185k,185k,185k,185k,185k,185k
Turks and Caicos Islands,950,950,950,950,950,950,950,950,950,950,950,950,950,950,950,950,950,950,950,950,950,950,950,950,950,950,950,950,950,950,950,950,950,950,950,950,950,950,950,950,950,950,950,950,950,950,950,950,950,950,950,950,950,950,950,950,950,950
Chad,1.28M,1.28M,1.28M,1.28M,1.28M,1.28M,1.28M,1.28M,1.28M,1.28M,1.28M,1.28M,1.28M,1.28M,1.28M,1.28M,1.28M,1.28M,1.28M,1.28M,1.28M,1.28M,1.28M,1.28M,1.28M,1.28M,1.28M,1.28M,1.28M,1.28M,1.28M,1.28M,1.28M,1.28M,1.28M,1.28M,1.28M,1.28M,1.28M,1.28M,1.28M,1.28M,1.28M,1.28M,1.28M,1.28M,1.28M,1.28M,1.28M,1.28M,1.28M,1.28M,1.28M,1.28M,1.28M,1.28M,1.28M,1.28M
Togo,56.8k,56.8k,56.8k,56.8k,56.8k,56.8k,56.8k,56.8k,56.8k,56.8k,56.8k,56.8k,56.8k,56.8k,56.8k,56.8k,56.8k,56.8k,56.8k,56.8k,56.8k,56.8k,56.8k,56.8k,56.8k,56.8k,56.8k,56.8k,56.8k,56.8k,56.8k,56.8k,56.8k,56.8k,56.8k,56.8k,56.8k,56.8k,56.8k,56.8k,56.8k,56.8k,56.8k,56.8k,56.8k,56.8k,56.8k,56.8k,56.8k,56.8k,56.8k,56.8k,56.8k,56.8k,56.8k,56.8k,56.8k,56.8k
Thailand,513k,513k,513k,513k,513k,513k,513k,513k,513k,513k,513k,513k,513k,513k,513k,513k,513k,513k,513k,513k,513k,513k,513k,513k,513k,513k,513k,513k,513k,513k,513k,513k,513k,513k,513k,513k,513k,513k,513k,513k,513k,513k,513k,513k,513k,513k,513k,513k,513k,513k,513k,513k,513k,513k,513k,513k,513k,513k
Tajikistan,143k,143k,143k,143k,143k,143k,143k,143k,143k,143k,143k,143k,143k,143k,143k,143k,143k,143k,143k,143k,143k,143k,143k,143k,143k,143k,143k,143k,143k,143k,143k,143k,143k,143k,143k,143k,143k,143k,143k,143k,143k,143k,143k,143k,143k,143k,143k,143k,143k,143k,143k,143k,143k,141k,141k,141k,141k,141k
Turkmenistan,488k,488k,488k,488k,488k,488k,488k,488k,488k,488k,488k,488k,488k,488k,488k,488k,488k,488k,488k,488k,488k,488k,488k,488k,488k,488k,488k,488k,488k,488k,488k,488k,488k,488k,488k,488k,488k,488k,488k,488k,488k,488k,488k,488k,488k,488k,488k,488k,488k,488k,488k,488k,488k,488k,488k,488k,488k,488k
Timor-Leste,14.9k,14.9k,14.9k,14.9k,14.9k,14.9k,14.9k,14.9k,14.9k,14.9k,14.9k,14.9k,14.9k,14.9k,14.9k,14.9k,14.9k,14.9k,14.9k,14.9k,14.9k,14.9k,14.9k,14.9k,14.9k,14.9k,14.9k,14.9k,14.9k,14.9k,14.9k,14.9k,14.9k,14.9k,14.9k,14.9k,14.9k,14.9k,14.9k,14.9k,14.9k,14.9k,14.9k,14.9k,14.9k,14.9k,14.9k,14.9k,14.9k,14.9k,14.9k,14.9k,14.9k,14.9k,14.9k,14.9k,14.9k,14.9k
Tonga,750,750,750,750,750,750,750,750,750,750,750,750,750,750,750,750,750,750,750,750,750,750,750,750,750,750,750,750,750,750,750,750,750,750,750,750,750,750,750,750,750,750,750,750,750,750,750,750,750,750,750,750,750,750,750,750,750,750
Trinidad and Tobago,5130,5130,5130,5130,5130,5130,5130,5130,5130,5130,5130,5130,5130,5130,5130,5130,5130,5130,5130,5130,5130,5130,5130,5130,5130,5130,5130,5130,5130,5130,5130,5130,5130,5130,5130,5130,5130,5130,5130,5130,5130,5130,5130,5130,5130,5130,5130,5130,5130,5130,5130,5130,5130,5130,5130,5130,5130,5130
Tunisia,164k,164k,164k,164k,164k,164k,164k,164k,164k,164k,164k,164k,164k,164k,164k,164k,164k,164k,164k,164k,164k,164k,164k,164k,164k,164k,164k,164k,164k,164k,164k,164k,164k,164k,164k,164k,164k,164k,164k,164k,164k,164k,164k,164k,164k,164k,164k,164k,164k,164k,164k,164k,164k,164k,164k,164k,164k,164k
Turkey,785k,785k,785k,785k,785k,785k,785k,785k,785k,785k,785k,785k,785k,785k,785k,785k,785k,785k,785k,785k,785k,785k,785k,785k,785k,785k,785k,785k,785k,785k,785k,785k,785k,785k,785k,785k,785k,785k,785k,785k,785k,785k,785k,785k,785k,785k,785k,785k,785k,785k,785k,785k,785k,785k,785k,785k,785k,785k
Tuvalu,30,30,30,30,30,30,30,30,30,30,30,30,30,30,30,30,30,30,30,30,30,30,30,30,30,30,30,30,30,30,30,30,30,30,30,30,30,30,30,30,30,30,30,30,30,30,30,30,30,30,30,30,30,30,30,30,30,30
Tanzania,947k,947k,947k,947k,947k,947k,947k,947k,947k,947k,947k,947k,947k,947k,947k,947k,947k,947k,947k,947k,947k,947k,947k,947k,947k,947k,947k,947k,947k,947k,947k,947k,947k,947k,947k,947k,947k,947k,947k,947k,947k,947k,947k,947k,947k,947k,947k,947k,947k,947k,947k,947k,947k,947k,947k,947k,947k,947k
Uganda,242k,242k,242k,242k,242k,242k,242k,242k,242k,242k,242k,242k,242k,242k,242k,242k,242k,242k,242k,242k,242k,242k,242k,242k,242k,242k,242k,242k,242k,242k,242k,242k,242k,242k,242k,242k,242k,242k,242k,242k,242k,242k,242k,242k,242k,242k,242k,242k,242k,242k,242k,242k,242k,242k,242k,242k,242k,242k
Ukraine,604k,604k,604k,604k,604k,604k,604k,604k,604k,604k,604k,604k,604k,604k,604k,604k,604k,604k,604k,604k,604k,604k,604k,604k,604k,604k,604k,604k,604k,604k,604k,604k,604k,604k,604k,604k,604k,604k,604k,604k,604k,604k,604k,604k,604k,604k,604k,604k,604k,604k,604k,604k,604k,604k,604k,604k,604k,604k
Uruguay,176k,176k,176k,176k,176k,176k,176k,176k,176k,176k,176k,176k,176k,176k,176k,176k,176k,176k,176k,176k,176k,176k,176k,176k,176k,176k,176k,176k,176k,176k,176k,176k,176k,176k,176k,176k,176k,176k,176k,176k,176k,176k,176k,176k,176k,176k,176k,176k,176k,176k,176k,176k,176k,176k,176k,176k,176k,176k
United States,9.63M,9.63M,9.63M,9.63M,9.63M,9.63M,9.63M,9.63M,9.63M,9.63M,9.63M,9.63M,9.63M,9.63M,9.63M,9.63M,9.63M,9.63M,9.63M,9.63M,9.63M,9.63M,9.63M,9.63M,9.63M,9.63M,9.63M,9.63M,9.63M,9.63M,9.63M,9.63M,9.63M,9.63M,9.63M,9.63M,9.63M,9.63M,9.63M,9.63M,9.63M,9.63M,9.63M,9.63M,9.63M,9.63M,9.63M,9.83M,9.83M,9.83M,9.83M,9.83M,9.83M,9.83M,9.83M,9.83M,9.83M,9.83M
Uzbekistan,447k,447k,447k,447k,447k,447k,447k,447k,447k,447k,447k,447k,447k,447k,447k,447k,447k,447k,447k,447k,447k,447k,447k,447k,447k,447k,447k,447k,447k,447k,447k,447k,447k,447k,447k,447k,447k,447k,447k,447k,447k,447k,447k,447k,447k,447k,447k,447k,447k,447k,447k,447k,444k,449k,449k,449k,449k,449k
St. Vincent and the Grenadines,390,390,390,390,390,390,390,390,390,390,390,390,390,390,390,390,390,390,390,390,390,390,390,390,390,390,390,390,390,390,390,390,390,390,390,390,390,390,390,390,390,390,390,390,390,390,390,390,390,390,390,390,390,390,390,390,390,390
Venezuela,912k,912k,912k,912k,912k,912k,912k,912k,912k,912k,912k,912k,912k,912k,912k,912k,912k,912k,912k,912k,912k,912k,912k,912k,912k,912k,912k,912k,912k,912k,912k,912k,912k,912k,912k,912k,912k,912k,912k,912k,912k,912k,912k,912k,912k,912k,912k,912k,912k,912k,912k,912k,912k,912k,912k,912k,912k,912k
British Virgin Islands,150,150,150,150,150,150,150,150,150,150,150,150,150,150,150,150,150,150,150,150,150,150,150,150,150,150,150,150,150,150,150,150,150,150,150,150,150,150,150,150,150,150,150,150,150,150,150,150,150,150,150,150,150,150,150,150,150,150
Virgin Islands (U.S.),350,350,350,350,350,350,350,350,350,350,350,350,350,350,350,350,350,350,350,350,350,350,350,350,350,350,350,350,350,350,350,350,350,350,350,350,350,350,350,350,350,350,350,350,350,350,350,350,350,350,350,350,350,350,350,350,350,350
Vietnam,332k,332k,332k,332k,332k,332k,332k,332k,332k,332k,332k,332k,332k,332k,332k,332k,330k,330k,332k,332k,332k,332k,332k,332k,332k,332k,330k,330k,330k,331k,331k,331k,331k,331k,331k,331k,331k,331k,331k,329k,329k,329k,329k,329k,331k,331k,331k,331k,331k,331k,331k,331k,331k,331k,331k,331k,331k,331k
Vanuatu,12.2k,12.2k,12.2k,12.2k,12.2k,12.2k,12.2k,12.2k,12.2k,12.2k,12.2k,12.2k,12.2k,12.2k,12.2k,12.2k,12.2k,12.2k,12.2k,12.2k,12.2k,12.2k,12.2k,12.2k,12.2k,12.2k,12.2k,12.2k,12.2k,12.2k,12.2k,12.2k,12.2k,12.2k,12.2k,12.2k,12.2k,12.2k,12.2k,12.2k,12.2k,12.2k,12.2k,12.2k,12.2k,12.2k,12.2k,12.2k,12.2k,12.2k,12.2k,12.2k,12.2k,12.2k,12.2k,12.2k,12.2k,12.2k
Samoa,2840,2840,2840,2840,2840,2840,2840,2840,2840,2840,2840,2840,2840,2840,2840,2840,2840,2840,2840,2840,2840,2840,2840,2840,2840,2840,2840,2840,2840,2840,2840,2840,2840,2840,2840,2840,2840,2840,2840,2840,2840,2840,2840,2840,2840,2840,2840,2840,2840,2840,2840,2840,2840,2840,2840,2840,2840,2840
Yemen,528k,528k,528k,528k,528k,528k,528k,528k,528k,528k,528k,528k,528k,528k,528k,528k,528k,528k,528k,528k,528k,528k,528k,528k,528k,528k,528k,528k,528k,528k,528k,528k,528k,528k,528k,528k,528k,528k,528k,528k,528k,528k,528k,528k,528k,528k,528k,528k,528k,528k,528k,528k,528k,528k,528k,528k,528k,528k
South Africa,1.22M,1.22M,1.22M,1.22M,1.22M,1.22M,1.22M,1.22M,1.22M,1.22M,1.22M,1.22M,1.22M,1.22M,1.22M,1.22M,1.22M,1.22M,1.22M,1.22M,1.22M,1.22M,1.22M,1.22M,1.22M,1.22M,1.22M,1.22M,1.22M,1.22M,1.22M,1.22M,1.22M,1.22M,1.22M,1.22M,1.22M,1.22M,1.22M,1.22M,1.22M,1.22M,1.22M,1.22M,1.22M,1.22M,1.22M,1.22M,1.22M,1.22M,1.22M,1.22M,1.22M,1.22M,1.22M,1.22M,1.22M,1.22M
Zambia,753k,753k,753k,753k,753k,753k,753k,753k,753k,753k,753k,753k,753k,753k,753k,753k,753k,753k,753k,753k,753k,753k,753k,753k,753k,753k,753k,753k,753k,753k,753k,753k,753k,753k,753k,753k,753k,753k,753k,753k,753k,753k,753k,753k,753k,753k,753k,753k,753k,753k,753k,753k,753k,753k,753k,753k,753k,753k
Zimbabwe,391k,391k,391k,391k,391k,391k,391k,391k,391k,391k,391k,391k,391k,391k,391k,391k,391k,391k,391k,391k,391k,391k,391k,391k,391k,391k,391k,391k,391k,391k,391k,391k,391k,391k,391k,391k,391k,391k,391k,391k,391k,391k,391k,391k,391k,391k,391k,391k,391k,391k,391k,391k,391k,391k,391k,391k,391k,391k
